listing_title,property_type,city,beds,accommodates,competitor_avg_price,nightly_price
Sky Haus - A-Frame Cabin,chalet,Skykomish,4.0,8.0,306.0,306.0
The Catskill A-Frame - Mid-Century Modern Cabin,cabin,Hancock,4.0,8.0,357.5,485.0
The Triangle: A-Frame Cabin for your city retreat,cabin,West Farmington,4.0,8.0,121.0,119.0
*Summer Sizzle* 5 Min to Blue Ridge* Pets* Hot tub,house,Blue Ridge,5.0,10.0,192.0,192.0
Luxury Treehouse Couples Getaway w/ Peaceful Views,treehouse,Grandview,1.0,2.0,232.0,232.0
Casa Tiny near Casa Wabi,tiny_home,Puerto Escondido,1.0,2.0,261.0,261.0
The Beach House. Oceanfront & Sunrise Views!,house,Saco,2.0,4.0,607.0,607.0
• Cedar Peak • 2 Bedroom Barrier-Free Chalet,chalet,Grand Étang,2.0,4.0,381.0,381.0
"Room in apartment, traditional neighborhood",room,Mexico City,2.0,4.0,30.0,29.0
Peacock Tiny House near Las Vegas,tiny_home,Sandy Valley,3.0,6.0,154.5,154.0
Hidden Valley’s Guest Suite - explore nature,guest_suite,Huntsville,2.0,4.0,207.0,207.0
Downey Family Cabin. Barrel Sauna Included!,cabin,Nelson,2.0,4.0,162.0,162.0
Dome in the Desert in Joshua Tree,unique_stay,Joshua Tree,1.0,2.0,268.0,268.0
Private Barn Studio at Pura Vida Florida Farm,unique_stay,Vero Beach,2.0,4.0,111.0,111.0
Cozy Tiny House Cabin between Burlington and Stowe,tiny_home,Bolton,2.0,4.0,174.0,174.0
Peace Cabin - private waterfront forest retreat,cabin,Ucluelet,1.0,2.0,497.0,497.0
14th Homestead Barn Loft,unique_stay,Essex,1.0,2.0,163.0,163.0
"Lagoon Front Hut: Daily Cleaning, Bikes & Kayaks!",apartment,Bacalar,1.0,2.0,141.0,141.0
The Forestry House - A modern luxury treehouse.,treehouse,Travelers Rest,1.0,2.0,293.5,282.0
Underground Hobbit Hole @ Sustainable Ecovillage,farm_stay,Del Norte County,1.0,2.0,89.0,89.0
Rainforest Tree House with Hot Springs,treehouse,San Carlos,3.0,6.0,132.0,132.0
Tullihas in the Trees Off-Grid Treehouse,treehouse,Frazeysburg,2.0,4.0,143.0,143.0
SECLUDED LAKESIDE CABIN,cabin,Rodney,3.0,6.0,463.0,463.0
Fauria Colonial House (Room 3),room,La Habana,1.0,2.0,38.0,29.0
Domeland: Off-grid Adobe Dome near Big Bend,unique_stay,Terlingua,5.0,10.0,136.0,136.0
Lake Sutherland Waterfront Cabin w/ Expansive Dock,house,Port Angeles,1.0,2.0,688.0,688.0
Luxury Tree House X Magical Romantic Forest! Pool!,treehouse,Fredericksburg,1.0,2.0,649.5,658.0
Scandinavian-Inspired Tiny Home Experience,cottage,Harcourt,2.0,4.0,392.0,392.0
Tiny House Cubo Nube Santa Elena 40 min. Medellin.,tiny_home,Medellín,1.0,2.0,67.0,67.0
Chalet Boutique Saltamontes Santa Elena,cabin,Medellín,2.0,4.0,51.0,51.0
Secluded View! A-Frame Hot Tub and Fire Pit,cabin,Bryson City,1.0,2.0,357.5,354.0
★ BubbleSky Glamping ★ One Night Under Stars ★3,other,Retiro,2.0,4.0,107.0,107.0
Cozy Oceanview Cabin,cabin,Bluefields,1.0,2.0,102.0,102.0
Hut #1 Romantic Luxury Beachfront,unique_stay,Bavaro,2.0,4.0,171.0,171.0
Treehouse w/Breathtaking Views+HotTub+Hiking+Falls,treehouse,Marion,1.0,2.0,286.0,286.0
“Whimsical Stone Abode” - Boston Magazine,unique_stay,Sandgate,1.0,2.0,301.0,301.0
Buddha Loft in Romantic Zone of Puerto Vallarta,condo,Puerto Vallarta,1.0,2.0,112.0,112.0
The G Frame...an offGrid Cabin + woodstove sauna,cabin,Sanbornton,2.0,4.0,169.0,169.0
Casa Blanca B&B with beautiful terrace &sea views,room,La Habana,2.0,4.0,38.0,43.0
"Cozy Modern Beach House w/ Pool, Hot Tub & More!",cottage,Wheatley,2.0,4.0,764.0,764.0
"Crystal Cabin, Restored Vintage Lodge in Topanga State Park",cabin,Topanga,1.0,2.0,225.0,225.0
Casa Anís,chalet,Cajicá,3.0,6.0,40.0,40.0
Warm Pine A-frame Nestled In The Trees!,cabin,Center Conway,1.0,2.0,287.0,287.0
Hambrook Point Cottage “Homestead”,cottage,Renous,3.0,6.0,93.0,93.0
O’s Barn Cabin,tiny_home,Huntsville,2.0,4.0,118.0,118.0
"Artsy ""Glamping"" experience",tiny_home,Castleton,3.0,6.0,138.0,138.0
"Seamist Beach Cottage, Private Beach & Ocean views",cottage,Bodega Bay,2.0,4.0,670.0,670.0
100+ Year old Rustic Log Cabin near Ghost Lake,cabin,Rocky View County,1.0,2.0,135.0,135.0
The Dragon + Private Island,unique_stay,Low,1.0,2.0,178.0,178.0
"Private Cottage, enjoy beach, sunsets & fishing.",guesthouse,Key Largo,3.0,6.0,218.0,218.0
"Malibu, Carbon Beach - Suite Seven",condo,Malibu,2.0,4.0,773.5,898.0
Waterfront Cottage #1 /Waterfront cottage,cottage,Petit-Tracadie,2.0,4.0,144.0,144.0
Harrell’s Cabin,cabin,Jarratt,2.0,4.0,125.0,125.0
6 Ibuku Big Cabin by Lake Jacuzzi Kayak,cabin,El Peñol,7.0,14.0,220.0,220.0
The Brite House - Oceanfront Sojourn,guest_suite,North Vancouver,3.0,6.0,305.0,305.0
♨ Cedar Coast Lodge - Coastal retreat w/ HOT TUB,house,Shirley,5.0,10.0,480.0,480.0
"LUXURY 5★s ICON BRICKELL CONDO@47TH, GYM/POOL",apartment,Miami,2.0,4.0,252.0,398.0
Mansion in the Park - garden view queen en suite,room,Kansas City,3.0,6.0,148.0,148.0
Dome L'Albatros | Private Spa | BBQ Zone,unique_stay,Lac-Supérieur,6.0,12.0,322.0,322.0
The Majesta ! Incredible Sunset !,chalet,Saint-Damien,1.0,2.0,315.0,315.0
"Heaven Lodge, entire house surrounded by nature",house,Tulum,1.0,2.0,128.0,128.0
☆King Bed Apartment☆ Suk-Ha ☆ La Veleta,apartment,Tulum,4.0,8.0,169.0,55.0
Newly-Constructed Riverfront Chalet,chalet,Durham,2.0,4.0,360.0,360.0
"Yellowstone Luxury Tent; sleeps 3, 1 king +1 futon",unique_stay,Island Park,2.0,4.0,224.0,224.0
A-Frame Apogee | Hot Tub · Epic Views · Swing Set,cabin,Arrowbear Lake,1.0,2.0,227.0,227.0
The Nest at Crash Boat. Only waterfront on Beach,house,Borinquen,3.0,6.0,363.0,363.0
Cozy Riverfront Cottage Retreat with Dock,cottage,Wasaga Beach,1.0,2.0,232.0,232.0
The Ruby -A Rustic Red Ark tiny home,tiny_home,Blockhouse,2.0,4.0,81.0,81.0
Romantic lakefront estate with lake view & deck,guesthouse,Peachland,2.0,4.0,271.0,271.0
The Vermont Dream Cabin on 70 Acres,cabin,Shaftsbury,1.0,2.0,219.0,219.0
Jungle Lodge at Nahouse in Tulum,cabin,Tulum,1.0,2.0,109.0,109.0
Cougar Dome at Winderdome Resort!,unique_stay,Windermere,3.0,6.0,335.0,335.0
Cool Clean Condo with Brilliant Oceanfront View,condo,Myrtle Beach,2.0,4.0,261.0,261.0
Beachfront Laguna Beach Magnificent Oceanviews 26,hotel,Laguna Beach,2.0,4.0,281.5,287.0
"Su mejor opción en Playa del Carmen, a pasos de la quinta av.",apartment,Playa del Carmen,2.0,4.0,67.33333333333333,89.0
Cozy Cabin #2 - private cabin in the wilderness!,tiny_home,Maynooth,2.0,4.0,71.0,71.0
Villa Vista Puerto,guesthouse,Cabo Rojo,2.0,4.0,138.0,138.0
Split View Two,tiny_home,Canning,1.0,2.0,134.0,134.0
The Sugar Shack a unique cabin in the Rainforest,cottage,Luquillo,2.0,4.0,75.0,75.0
Noelani-My Perfect Stays Special: Jun 9-16 $189,condo,Lahaina,1.0,2.0,302.0,302.0
Amazing Hyde One-bedroom apartment on the Beach,condo,Hollywood,2.0,4.0,284.0,248.0
East hill cabins #1,cabin,Naples,2.0,4.0,91.0,91.0
Sunset Wilderness Camp,unique_stay,Nemaiah Valley,1.0,2.0,34.0,34.0
Chateau Ridge Chalet w/ Mountain View,loft,The Blue Mountains,4.0,8.0,136.0,154.0
Cozy Blue Mountain Retreat @!@Spring Rates@!@,loft,The Blue Mountains,2.0,4.0,136.0,118.0
5 min to Airport with Terrace in a Safe area !,room,Mexico City,1.0,2.0,30.0,31.0
The Cabin at Fernwood Hills,tiny_home,Komoka,1.0,2.0,112.0,112.0
Hut #3 Romantic Luxury on the sand,other,Punta Cana,2.0,4.0,132.0,132.0
State Park A-Frame with Hiking Trails & Arcade,house,Hilbert,2.0,4.0,239.0,239.0
Luxury Dome w/ Hot Tub & Mountain View,unique_stay,Whittier,2.0,4.0,291.0,291.0
Hut #3 Romantic Luxury on the sand,other,Punta Cana,1.0,2.0,132.0,132.0
State Park A-Frame with Hiking Trails & Arcade,house,Hilbert,2.0,4.0,239.0,239.0
House with pool in the heights of Santa Teresa,house,Puntarenas Province,3.0,6.0,230.0,230.0
Kapetsowa Container Loft near Monteverde Reserve,loft,Monteverde,2.0,4.0,159.0,159.0
Cabin Over a water fall,unique_stay,Quesada,1.0,2.0,82.0,82.0
Cozy Houseboat “Wild One”,unique_stay,Key West,2.0,4.0,233.0,233.0
Pipe’s Lodge,cabin,Zapotal,1.0,2.0,51.0,51.0
New Carriage House * 1 Block to Beach * King Bed!,guesthouse,Destin,1.0,2.0,231.0,231.0
Beachfront Bungalow with private hydromassage Pool,tiny_home,Playa Hermosa,1.0,2.0,162.0,162.0
Bellingham A-Frame - Hot tub & Firepit,house,Bellingham,2.0,4.0,232.0,232.0
"Villa Bohème 3, 1BR with Patio",apartment,San Juan,1.0,2.0,115.0,115.0
Loft Boutique Cd de México Mountain view 🏔,loft,Mexico City,1.0,2.0,57.0,57.0
New lux cabin w/mount index view,cabin,Gold Bar,2.0,4.0,264.5,253.0
Guesthouse Great Ocean & Mountain Views near Beach,house,Malibu,1.0,2.0,468.0,468.0
The Little Tree House at Country Club of Orlando,tiny_home,Orlando,1.0,2.0,127.0,127.0
Paradise awaits on this cozy houseboat!,unique_stay,Marathon,1.0,2.0,276.0,276.0
Hut #2 Romantic Luxury on the sand,unique_stay,Uvero Alto - Bavaro - Punta Cana,2.0,4.0,186.0,186.0
Loft ALAMO /El Refugio Cabañas Mazamitla,loft,Mazamitla,2.0,4.0,58.0,58.0
Hut #2 Romantic Luxury on the sand,unique_stay,Uvero Alto - Bavaro - Punta Cana,2.0,4.0,186.0,186.0
Pool View Beach Residence / Private Beach Access,apartment,Punta Cana,1.0,2.0,47.0,37.0
Eagles Nest Treehouse w/Hot tub!,treehouse,Wardensville,3.0,6.0,244.0,244.0
Modern Houseboat On the water,unique_stay,Stuart,1.0,2.0,150.0,173.0
BoHo lofts & studios new modern w/ ocean-view pool,apartment,Playa del Carmen,1.0,2.0,67.33333333333333,38.0
Oceanfront 14th Floor Brand New Beachfront Flat,condo,Miami Beach,2.0,4.0,271.75,302.0
Hobbithenge,unique_stay,Weaverville,1.0,2.0,142.0,142.0
Beachfront Bungalow w/ private hydromassage pool 2,unique_stay,Playa Hermosa,2.0,4.0,147.0,147.0
"Luxury Treehouse, Romantic, Views, Hike-Waterfall",cabin,Marion,1.0,2.0,228.0,228.0
Quiet and Private Retreat in a 1967 Airstream on the Coast.,unique_stay,Half Moon Bay,2.0,4.0,220.0,220.0
Tiny Dome River Glamping Experience,unique_stay,Hiawassee,1.0,2.0,143.0,143.0
New Boho Sabana Apartment Close to Airports w/ AC,apartment,San José,1.0,2.0,89.0,89.0
Elegant Ocean Front Condo! Rosarito Beach !WOW!!,condo,Rosarito,2.0,4.0,172.0,171.0
Highest Reviewed - Ocean Front + Free Parking!,condo,Atlantic City,2.0,4.0,151.5,170.0
The Dawn of Annapurna Cabin,cabin,Santa Marta,1.0,2.0,61.0,61.0
"Cabo Center,Ocean view Great price!",house,Cabo San Lucas,1.0,2.0,55.0,55.0
nortehaus - Nordic and Japanese inspired escape,house,Kawartha Lakes,2.0,4.0,402.0,402.0
Architect's Loft in Cholula,loft,Cholula,1.0,2.0,32.0,32.0
Jungle house 3km to Jaco beach & town center,cabin,Jacó,2.0,4.0,76.0,76.0
"Malibu Charming GH, Mins Drive to Beach & Hike",tiny_home,Malibu,1.0,2.0,292.0,332.0
Studio near Disney,apartment,Orlando,1.0,2.0,88.0,80.0
Charming Treehouse with Pool,treehouse,Río Grande,1.0,2.0,217.0,217.0
Oceanfront loft,loft,Mazatlán,2.0,4.0,100.0,100.0
Majestic Ocean Front Terrace II,apartment,Cancún,2.0,4.0,80.0,57.0
New! Bamboo Bosque Mio (Stars & Campfires),house,Real Montecassino,3.0,6.0,113.0,113.0
"Cabin for 2 w/ Hot Tub, Muskoka Romantic Getaway",cottage,Huntsville,1.0,2.0,335.0,335.0
Old Havana+Cuban Style Place+Roof Top+WiFi,apartment,La Habana,1.0,2.0,57.0,57.0
"Heated Pool, Putt Putt Golf",house,Vero Beach,5.0,10.0,468.0,468.0
Guest Suite in Historic Architecture Home,room,Cuauhtémoc,2.0,4.0,55.0,55.0
$87 a night Molokai Escape Condo,condo,Kaunakakai,1.0,2.0,101.0,101.0
Treehouse on a Coffee Farm with Ocean View,treehouse,Atenas,1.0,2.0,74.0,74.0
Design Casa Patchouli with private pool and lounge,apartment,Tulum,1.0,2.0,169.0,283.0
Pequeño espacio Romántico piscina y muelle privado,unique_stay,Jauca,1.0,2.0,220.0,220.0
Haven in the Woods- tiny home WiFi & solar power,tiny_home,Peachland,1.0,2.0,76.0,76.0
Mimosa Y - Beautiful Unique Container Home w' Pool,unique_stay,Puerto Viejo de Talamanca,1.0,2.0,90.0,90.0
Mimosa Y - Beautiful Unique Container Home w' Pool,unique_stay,Puerto Viejo de Talamanca,1.0,2.0,90.0,90.0
COMFORTABLE BEACH DEPA OVERLOOKING THE SEA,apartment,Acapulco,1.0,2.0,42.0,42.0
Waterfront Glamping Muddy Creek PA,unique_stay,Airville,1.0,2.0,102.0,102.0
2 Pools on property | Walk to the beach | Rosalina Ocean Park | Luxury Suite 3,hotel,San Juan,2.0,4.0,164.0,164.0
Love nest when singing of the Sea!,room,Acapulco,9.0,18.0,42.0,41.0
Casa La Paz vistas al mar @ Pinilla Highlands,house,Pinilla,1.0,2.0,146.0,146.0
Lovely farm cabin experience,farm_stay,Siler City,2.0,4.0,114.0,114.0
Pine River Bunkies: Heron’s Landing Off Grid Cabin,tiny_home,Horning's Mills,2.0,4.0,120.0,120.0
The Alpine Airstream at Mt. Rainier with Hot Tub,unique_stay,Ashford,1.0,2.0,286.0,286.0
"Surf, Sand & Sunsets - Goldenrod CdM BEACH STUDIO",bungalow,Newport Beach,3.0,6.0,229.0,229.0
Refugio LOS PAPIROS,unique_stay,Guarne,3.0,6.0,18.0,18.0
Beach crab.,room,Acapulco,3.0,6.0,42.0,43.0
Fire & Water | Rejuvenating Stay on the Riverbend,cabin,Fennville,1.0,2.0,743.0,743.0
Black rose -Right house-,house,Tamanique,1.0,2.0,243.0,243.0
"Casa El Paraiso, Las Galeras (room #5)",unique_stay,Las Galeras,3.0,6.0,286.0,286.0
Holistic House Diamond,room,Monteverde,3.0,6.0,160.0,160.0
"Malibu Serene Guest House, Mins to Beach & Hike",tiny_home,Malibu,3.0,6.0,292.0,252.0
Free Transportation / Premium Beach Loft 1711th,apartment,Cancún,3.0,6.0,80.0,138.0
Cozy cabin on 5 acres !,cabin,Gilmour,2.0,4.0,86.0,86.0
OceanfrontStudio-Slps4-Pool-Pickleball-HBOMax-Dis+,condo,Ocean City,2.0,4.0,291.0,291.0
Amazing Ocean Front II,apartment,Cancún,1.0,2.0,80.0,45.0
LUXE & STYLISH/3BR/LAS OLAS CONDO/12TH FLR/ROSARITO,condo,Rosarito,4.0,8.0,172.0,173.0
"Lovely Private Room-Manhattan, 70s-Upper East Side",room,New York,1.0,2.0,178.0,103.0
1 BD PRIVATE HOUSEBOAT/ COTTAGE TARPON,cottage,Islamorada,1.0,2.0,229.0,229.0
“What a wonderful world” - Modern Farmhouse,apartment,Gordonville,1.0,2.0,165.0,165.0
Glass Roof House #2 at Glass 20.87,cottage,Quintana Roo,2.0,4.0,221.0,221.0
"Modern Cabin On Pond, AC & Porch",cabin,Georgetown,1.0,2.0,231.0,231.0
Romantic Ocean Penthouse w/ panoramic marina views,apartment,Marina del Rey,1.0,2.0,247.0,247.0
Posada Sarita,hotel,Tepoztlán,3.0,6.0,50.0,50.0
"Beach Bungalow on the Sand, Steps to the Ocean",cottage,Oceanside,2.0,4.0,483.0,483.0
Historic Venice Apt 1/2 blocks to beach+parking,apartment,Los Angeles,2.0,4.0,203.5,185.0
Amazing Modern Home with Pool and Hot Tub!,house,Cape Coral,2.0,4.0,173.0,167.0
"Malibu, Carbon Beach - Suite Three",condo,Malibu,3.0,6.0,773.5,649.0
Cozy Farm Stay Getaway,farm_stay,Saint Marys,2.0,4.0,99.0,99.0
UpStream (Waterfront Cabin With Wood Stove & WiFi),tiny_home,Mill Village,1.0,2.0,97.0,97.0
M6. Alojamiento ideal para explorar Tepoztlán,other,Tepoztlán,1.0,2.0,40.0,40.0
Scenic Solitude-Amazing Mountain views on 5 acres,cabin,Mineral Bluff,2.0,4.0,302.0,302.0
"Lovely Private Room-Manhattan, 70s-Upper East Side",room,New York,1.0,2.0,178.0,103.0
1 BD PRIVATE HOUSEBOAT/ COTTAGE TARPON,cottage,Islamorada,1.0,2.0,229.0,229.0
“What a wonderful world” - Modern Farmhouse,apartment,Gordonville,1.0,2.0,165.0,165.0
Glass Roof House #2 at Glass 20.87,cottage,Quintana Roo,1.0,2.0,221.0,221.0
“Playa Luna”- Breathtaking Ocean and City Views,condo,Luquillo,1.0,2.0,129.5,138.0
"Peace, Beauty & Ocean View, Malibu",room,Malibu,1.0,2.0,189.0,189.0
Lount Treetop Rentals - Unit 2,treehouse,Sundridge,1.0,2.0,135.0,135.0
Romantic Ocean Penthouse w/ panoramic marina views,apartment,Marina del Rey,2.0,4.0,247.0,247.0
Posada Sarita,hotel,Tepoztlán,3.0,6.0,50.0,50.0
Amazing Modern Home with Pool and Hot Tub!,house,Cape Coral,1.0,2.0,173.0,167.0
Cozy Farm Stay Getaway,farm_stay,Saint Marys,2.0,4.0,99.0,99.0
Beach Front Condo In Casa Del Mar,apartment,Galveston,2.0,4.0,163.5,205.0
Laguna Beach Studio Oceanviews 49,apartment,Laguna Beach,2.0,4.0,266.5,148.0
Charming Beach Condo in Bavaro Top Location,apartment,Punta Cana,1.0,2.0,47.0,57.0
400+ Airbnb Visits: Incredible Mountain Cabin,cabin,Woodford,2.0,4.0,137.0,137.0
the legendary wildwood cabins ~ CABIN 2,cabin,Bowen Island,2.0,4.0,149.5,126.0
Oceanfront Laguna Beach Amazing Views 28,hotel,Laguna Beach,2.0,4.0,281.5,276.0
Lake Sports Home & Super water sports!,other,Hopatcong,3.0,6.0,154.0,154.0
Waterfront Sea Cottage,guesthouse,Naples,1.0,2.0,82.0,82.0
Cedar Springs Cabin - A Cozy Hideaway in the Woods,cabin,Reaboro,2.0,4.0,346.0,346.0
Beachfront at its finest @ San Jose del Cabo! 🤩🏄🏼‍♂️🏖,apartment,San José del Cabo,1.0,2.0,78.0,78.0
Tiny Beach front house,cabin,Puerto Viejo de Talamanca,2.0,4.0,89.0,89.0
Coyote's Den at The Howling Woods,tiny_home,Tremont,2.0,4.0,123.0,123.0
"Near Ocean, BBQ, Dog OK, Cute Manzanita Beach",house,Manzanita,2.0,4.0,147.0,147.0
Stunning house on lake Ontario,house,Hamilton,2.0,4.0,210.0,210.0
"Oceanfront Lookout Point w/two Kayaks,Beach & Dock",tiny_home,Key Largo,1.0,2.0,254.0,254.0
Saint Tropez Boutique Hotel,hotel,Willemstad,1.0,2.0,125.0,125.0
the legendary wildwood cabins ~ CABIN 4,cabin,Bowen Island,1.0,2.0,149.5,173.0
1-Private room/bbq/patio. 2 full bed 1 couch bed.,room,Key West,2.0,4.0,258.0,258.0
Beautiful corner unit condo right on the beach!,condo,East End,2.0,4.0,298.0,298.0
House Boat Sunset Bay Marina Stuart Fl,unique_stay,Stuart,2.0,4.0,150.0,127.0
Surf Shack Guiones - perfect beach location,apartment,Guanacaste Province,2.0,4.0,130.0,130.0
Glamping Cabin at Balderson Blueberries,unique_stay,Balderson,1.0,2.0,80.0,80.0
Bamboo Cottage in Aptos Mountain Retreat & Spa,tiny_home,Aptos,1.0,2.0,130.0,130.0
The Ohana,guesthouse,Naalehu,1.0,2.0,99.0,99.0
23FL Skyline King Studio w/Ocean & City Views.,condo,Honolulu,2.0,4.0,221.0,221.0
Room 2 Queen beds- Buffet Breakfast-Steps to beach,hotel,Miami Beach,2.0,4.0,116.0,116.0
"Luxury Condo in Hotel, amenities Downtown/Brickell",condo,Miami,2.0,4.0,211.5,219.0
The Ohana,guesthouse,Naalehu,1.0,2.0,99.0,99.0
Enchanting Tiny Home 1 KM from downtown Sackville,tiny_home,Sackville,1.0,2.0,117.0,117.0
Isla Verde Beach Studio {105},apartment,Carolina,2.0,4.0,97.0,97.0
Beachfront Condo Now Available! Sleeps 4 + Parking,condo,Atlantic City,2.0,4.0,151.5,133.0
CASA BADAWI in 400m Tropical Garden. Optical Fiber,bungalow,Puerto Viejo de Talamanca,2.0,4.0,72.0,72.0
Beachside Apartment with Pool,apartment,Santa Teresa Beach,2.0,4.0,117.0,117.0
Oceanfront 16th Floor Brand New Beachfront Flat,condo,Miami Beach,1.0,2.0,271.75,302.0
"House1 private swming pool, BBQ ranch, wifi 200mb",chalet,Matapalo,4.0,8.0,43.0,43.0
"LOVELY ROOM, WALK TO BEACH, GORGEOUS DECK",room,Panama City Beach,2.0,4.0,146.0,146.0
Beachfront Escape Unit #1 at Beachcomber Cottages,apartment,Yachats,2.0,4.0,212.0,212.0
CDM-Beach living @ Condado with pool and parking!,condo,San Juan,2.0,4.0,144.0,144.0
AHHH-MAZING VIEWS! Beach Front Apt.,condo,Luquillo,2.0,4.0,129.5,121.0
"Tropical Island Escape w/ Deck, Walk to Avalon Bay",house,Avalon,1.0,2.0,336.0,336.0
"The Thimbleberry MicroCabin near lake, hot tub use",cabin,Sorrento,1.0,2.0,108.0,108.0
Private room/bathroom in modern house with Pool,room,Miami,1.0,2.0,114.5,128.0
"Modern 1/1, Half a Block from The Ocean",apartment,Miami Beach,2.0,4.0,146.5,140.0
Satori Suite (The Bamboo House),room,Kailua-Kona,2.0,4.0,199.0,199.0
Cancun Suites (Standard Room),apartment,Cancún,3.0,6.0,80.0,81.0
Tropicana Suite-Grand Manor Luxury Mansion Loft,room,Galveston,1.0,2.0,98.0,92.0
Disney/Universal Home Away from Home!,room,Kissimmee,1.0,2.0,102.5,162.0
Pink Galaxy | Private Observatory · Hot Tub · Pool,villa,Morongo Valley,1.0,2.0,283.0,283.0
Camera argento in tipica casa coloniale,room,La Habana,3.0,6.0,38.0,42.0
"GARDEN ROOM, private bathroom, separate entrance",room,Kihei,2.0,4.0,184.0,184.0
"Tree House - Beach Area, KS bed, 3 PPL",treehouse,Zona Hotelera,1.0,2.0,157.0,157.0
It Hotel & Residences - Studio Rental in PDC,apartment,Playa del Carmen,1.0,2.0,67.33333333333333,75.0
"Cozy & Neat hotel room 2pax ocean view WiFi,Pool",hotel,Isla Mujeres,1.0,2.0,115.0,115.0
Meteora Stay & Coffehouse Tulum - Deluxe Queen,hotel,Tulum,1.0,2.0,59.0,59.0
Movie Theater + Kid Friendly | Book the Dome!,house,Oceanside,1.0,2.0,200.0,200.0
My Adirondack Home - Very Scenic,room,Wilmington,1.0,2.0,107.0,107.0
New 16th Floor Beachfront 180º Oceanview Apartment,condo,Miami Beach,1.0,2.0,271.75,302.0
Camilo's Luxury Shared Townhouse,room,Cancún,1.0,2.0,66.0,81.0
"Surf, family & friends! Tropical Room in downtown",room,Cancún,1.0,2.0,66.0,51.0
1208 Beach property part ocean & pool view,apartment,Cancún,1.0,2.0,80.0,79.0
Amazing panoramic tree house Norway,treehouse,Sandane,1.0,2.0,285.0,285.0
Beachfront Cottage on the Lake,house,Jurków,4.0,8.0,140.0,140.0
Off-Grid vineyard and olive orchard home.,farm_stay,Şarköy,3.0,6.0,144.0,144.0
Mirror House Iceland,cabin,Hvanneyri,1.0,2.0,735.0,735.0
"R.I.P. by ŘÍP - 
Rest In Pod by ŘÍP",other,Krabčice,1.0,2.0,78.0,78.0
LOVE Attic,condo,Fiumicino,2.0,4.0,209.0,209.0
Natural show in Cabaña Alcazaba,cabin,Güejar Sierra,4.0,8.0,111.0,111.0
MU_Moradas no Ulla 6. Cabañas de Compostela.,cabin,Teo,1.0,2.0,112.0,112.0
Unik Hobbit Cabin,other,Hol,2.0,4.0,221.0,221.0
Simple guesthouse on a farm. Double bed and sofa bed. Free Wi-Fi and parking. WC and living room/kitchenette in separate building,farm_stay,Nyköping S,2.0,4.0,73.0,73.0
"Boat in Orlik, you want it!",unique_stay,Jickovice,4.0,8.0,78.0,78.0
Forest cabin,cabin,Hornedo,1.0,2.0,80.0,80.0
Amonde Village - Casa P * Comfort & Quality,house,Viana do Castelo,3.0,6.0,168.0,168.0
Tower house Gombola,unique_stay,Gombola,3.0,6.0,166.0,166.0
hut in the mid. of nowhere + priv pond+3 ha,cabin,Darżkowo,2.0,4.0,181.0,181.0
The Water Tower at Long Meadow Farm,house,Kenilworth,2.0,4.0,246.0,246.0
Alte Wassermühle Friedrichshausen - Eulenstube,room,Dassel,3.0,6.0,55.0,55.0
Vovady Farm : Roulotte Bohème,farm_stay,Montregard,3.0,6.0,82.0,82.0
Biron aux Puces de Saint Vincent Market,room,Saint-Ouen,2.0,4.0,95.0,95.0
Cabin on the countryside close to the small city.,cabin,Gällstad,5.0,10.0,111.0,111.0
La Barona Chalet,cabin,Trasquera,1.0,2.0,223.0,223.0
"""Lieblingsplatz"" shepherd's hut",unique_stay,Hessisch Lichtenau,2.0,4.0,55.0,55.0
Rectory Farm Hideaway,unique_stay,Oxfordshire,2.0,4.0,178.0,178.0
The Black Shack @ Bancran School,tiny_home,Draperstown,3.0,6.0,169.0,169.0
Apartment Caribe - PlusHolidays,apartment,Calpe,2.0,4.0,80.0,80.0
Anty's Pond: Davy Crockett's Hut,unique_stay,Saint-Nabord,2.0,4.0,93.0,93.0
Biarritz Grande Plage 25m2 with Balcony,apartment,Biarritz,2.0,4.0,176.0,176.0
TRULLO ISABELLA,unique_stay,Ostuni,4.0,8.0,131.5,158.0
Secluded Hand crafted log cabin,farm_stay,Girvan,1.0,2.0,139.0,139.0
Stargazer Cabin - Monmouth Walking Distance Town,cabin,Monmouth,1.0,2.0,240.0,240.0
"Baita Vrei (2)""Titta"" - Hut Lago Maggiore",house,Miazzina,2.0,4.0,61.0,61.0
Tranquil retreat with fantastic countryside views,tiny_home,Poltimore,2.0,4.0,115.0,115.0
Romantic and one-of-a-kind Beachouse,villa,Pollina,4.0,8.0,183.0,183.0
Ilaira Apartments,condo,Χράνοι,1.0,2.0,86.0,86.0
Central 1bedroom apt by the sea,apartment,Rodos,2.0,4.0,61.0,61.0
Cosy Romantic Cabin with Wood Burning Stove.,tiny_home,Midmar,2.0,4.0,107.0,107.0
Historic residence surrounded by olive trees,farm_stay,Agello,2.0,4.0,75.0,75.0
Wonderful Old Cabin on Rare Natural Site,cabin,Adainville,1.0,2.0,147.0,147.0
"Stay in the castle, with family or friends",unique_stay,Vay,4.0,8.0,92.0,92.0
XS Village - Arrifana Suite (private bathroom),room,Aljezur,2.0,4.0,100.0,100.0
The Loft at the Bonnington Farm,unique_stay,Rattray,1.0,2.0,135.0,135.0
KALEİÇİ BACCHUS OTEL DENİZ MANZARALI TATİL 501,hotel,Muratpaşa,1.0,2.0,83.0,83.0
strawbale roundhouse for vegetarian,unique_stay,Bronwydd Arms,2.0,4.0,108.0,108.0
Wohnung Ruth Herrenhaus Viecheln Anno 1869,room,Behren-Lübchin,2.0,4.0,121.0,121.0
Swiss Tiny Chalet,tiny_home,Les Haudères,4.0,8.0,109.0,109.0
The Napoleonic period chalet in the High Jura,chalet,Étival,1.0,2.0,105.0,105.0
"Moulin de Boiscorde, ideal for couples and families",house,Rémalard,3.0,6.0,128.0,128.0
Rural Tuscany | Wine farm with pool | Terrarossa,farm_stay,Montepulciano,5.0,10.0,148.0,148.0
Magical Trullo in Ostuni Cis BR0740129000012213,unique_stay,Ostuni,1.0,2.0,131.5,105.0
Gruszkówka 1 Cottage (7 km from Białka ),cabin,Nowy Targ,1.0,2.0,96.0,96.0
Woodland Stargazing Cabin,unique_stay,Hollacombe,1.0,2.0,133.0,133.0
Room available in Greater London suburb home,room,London,1.0,2.0,43.0,43.0
Casa Tua,apartment,Megalochori,1.0,2.0,142.0,142.0
CABIN X GPF,farm_stay,Catsfield,1.0,2.0,225.0,225.0
Alhambra Trails 2,room,La Zubia,2.0,4.0,94.0,94.0
""" La cabane du Gozzi""",chalet,Afa,2.0,4.0,85.0,85.0
FLH Ericeira Ocean Flat,apartment,Ericeira,3.0,6.0,216.0,216.0
manoir 19 ème siècle LE COUTUREAU isaline,room,Rouffignac-de-Sigoulès,1.0,2.0,135.0,135.0
Guesthouse an der Vechte,guesthouse,Esche,2.0,4.0,50.0,50.0
L & C Deluxe Apartment - luxury and comfort,condo,Kremasti,1.0,2.0,136.0,136.0
Country House,room,Torreglia,3.0,6.0,69.0,69.0
Luxury Triple cave room,unique_stay,Mesaria,4.0,8.0,129.0,129.0
Rural Retreat on the Ashdown Forest,unique_stay,Nutley,1.0,2.0,184.0,184.0
Magazine - Oskar Schwebel -,unique_stay,Winningen,4.0,8.0,136.0,136.0
CasasdoCasinhotoD-Rustic House (pool; river view),house,Baião,1.0,2.0,131.0,131.0
Elegant Little Wyvis Lodge - Sleeps 2,unique_stay,Highland Council,3.0,6.0,159.0,159.0
Rural Aledo - El Estrecho,cabin,Totana,4.0,8.0,76.0,76.0
Nasos' Treehouse,treehouse,Fountana,2.0,4.0,98.0,98.0
FredrikLars farm at Nordmarksberg Manor,cabin,Filipstad N,2.0,4.0,44.0,44.0
"La Tana del Lupo B&B, family and outdoor sports",room,Borgo Valsugana,2.0,4.0,73.0,73.0
The Llama Lodge - a Log Cabin on a Llama Farm,cabin,Llandissilio,2.0,4.0,205.0,205.0
"Quaint ""Petra Lustig"" construction car",unique_stay,Mayen,2.0,4.0,48.0,48.0
Country House,room,Torreglia,2.0,4.0,69.0,69.0
Luxury Triple cave room,unique_stay,Mesaria,3.0,6.0,129.0,129.0
Magazine - Oskar Schwebel -,unique_stay,Winningen,4.0,8.0,136.0,136.0
CasasdoCasinhotoD-Rustic House (pool; river view),house,Baião,1.0,2.0,131.0,131.0
Elegant Little Wyvis Lodge - Sleeps 2,unique_stay,Highland Council,4.0,8.0,159.0,159.0
Rural Aledo - El Estrecho,cabin,Totana,1.0,2.0,76.0,76.0
Nasos' Treehouse,treehouse,Fountana,1.0,2.0,98.0,98.0
The North Windmill ⚓ Unique House with View,house,Akrotiri,4.0,8.0,184.0,184.0
"La Tana del Lupo B&B, family and outdoor sports",room,Borgo Valsugana,1.0,2.0,73.0,73.0
The Llama Lodge - a Log Cabin on a Llama Farm,cabin,Llandissilio,2.0,4.0,205.0,205.0
Bumble Bee Cottage,cottage,Trefeinon,4.0,8.0,141.0,141.0
Gorgeous yurt in amazing mountain/forest location,unique_stay,Cynwyd,1.0,2.0,107.0,107.0
"Diamond Home 1, romantic gem, 20 min to Acropolis",apartment,Athina,4.0,8.0,112.0,112.0
TrulLetto,unique_stay,Alberobello,3.0,6.0,114.0,114.0
"Tyga Gård, probably most beautiful on Bjäre",cabin,Båstad V,1.0,2.0,94.0,94.0
Silk Trulli,house,Coreggia,1.0,2.0,86.0,86.0
The Olive Tree Court,unique_stay,Martina Franca,1.0,2.0,92.0,92.0
LaCorte CAMERA BLU NEAR FERRARI WITH PRIVATE PARK,room,Montale Rangone,1.0,2.0,73.0,73.0
Friedrichshain Beautiful Sunny Room with Balcony,room,Berlin,2.0,4.0,135.0,135.0
Cozy en-suite double room in S. Peter's / Borgo,room,Rome,1.0,2.0,51.5,60.0
Star Night Room - Van Gogh Hills B&B,room,Santa Lucia,3.0,6.0,68.0,68.0
La Petite Chaumière,house,Reclesne,1.0,2.0,85.0,85.0
Green - Lawns in Tuscany,farm_stay,Asciano,3.0,6.0,91.0,91.0
Casa Cerbaia | Betulla,farm_stay,Pennabilli,4.0,8.0,86.0,86.0
"Sommerfjøset on Hovelsrud, Helgøya",unique_stay,Nes På Hedmark,2.0,4.0,328.0,328.0
Cozy cottage in Torsåker (Hofors),cabin,Torsåker,4.0,8.0,75.0,75.0
Nice place for your stay in Paris,room,Saint-Mandé,1.0,2.0,86.0,86.0
"Peaceful, wooden garden cabin",cabin,Walpole,1.0,2.0,93.0,93.0
Rural farm-Spacious triple bedroom with en suite,other,East Farndon,1.0,2.0,71.0,71.0
Private room in the heart of nature,room,Rüthen,1.0,2.0,42.0,42.0
Xavier House,room,Rome,1.0,2.0,51.5,43.0
"Akti Karras, Plaka Naxos (up to 2 guests)",apartment,Plaka,1.0,2.0,55.0,55.0
Studio lookout,condo,Saint-Lary-Soulan,1.0,2.0,31.0,31.0
Bavarian room in the Dolomites,room,Borgo Valbelluna,1.0,2.0,84.0,84.0
Cosy interesting loam house,room,Kassel,1.0,2.0,78.0,78.0
Nice room in duplex + terrace near BCN,room,Barcelona,1.0,2.0,55.0,55.0
Lost Paradise - A night into the Alentejo!,unique_stay,Sabóia,5.0,10.0,85.0,85.0
Cabin in the wild,other,Mont-le-Vernois,2.0,4.0,95.0,95.0
Amazing shipping container house + sea views+ WIFI,unique_stay,Dirlaught,1.0,2.0,164.0,164.0
"Countryside Sleeps, Bakery, Homestay",unique_stay,Witzenhausen,1.0,2.0,73.0,73.0
Kimiro Hotel Tsilivi,room,Planos,1.0,2.0,97.0,97.0
Studio apartment with AC - Suite 3,apartment,Kadıköy,3.0,6.0,34.0,34.0
Sicilian Mountain Oasis - Entire Villa (Smart W.),cottage,Nicosia,2.0,4.0,100.0,100.0
İzmir Bungalow. ( Urla treehouse 1),bungalow,Izmir,1.0,2.0,74.0,74.0
The Folly - Cornwall,guesthouse,Perranwell Station,1.0,2.0,111.0,111.0
Echoes Exclusive Suite,apartment,Areti,2.0,4.0,526.0,526.0
Delightfull Dome with Hot tub & sauna on the beach,unique_stay,Wapnica,1.0,2.0,319.0,319.0
Romantic Ocean View Couples Retreat Cornwall,cabin,Millbrook,2.0,4.0,357.0,357.0
THE AQUARIUM … waterfront 🧜🏾‍♂️,guest_suite,La Marsa,3.0,6.0,61.0,61.0
Gäststuga Knorrasjön,guesthouse,Jonstorp,2.0,4.0,95.0,95.0
Villa Laurito,house,Positano,1.0,2.0,185.0,185.0
"""La Parra"", rural tourism. Your home in paradise.",cottage,Benalauría,1.0,2.0,67.0,67.0
Hascherle Hitt,tiny_home,Muldenhammer,2.0,4.0,86.0,86.0
Villa Trouz Ar Mor,house,Audierne,2.0,4.0,135.0,135.0
İzmir Bungalow. ( Urla treehouse 1),bungalow,Izmir,2.0,4.0,74.0,74.0
The Folly - Cornwall,guesthouse,Perranwell Station,1.0,2.0,111.0,111.0
Echoes Exclusive Suite,apartment,Areti,1.0,2.0,526.0,526.0
Delightfull Dome with Hot tub & sauna on the beach,unique_stay,Wapnica,2.0,4.0,319.0,319.0
Romantic Ocean View Couples Retreat Cornwall,cabin,Millbrook,1.0,2.0,357.0,357.0
THE AQUARIUM … waterfront 🧜🏾‍♂️,guest_suite,La Marsa,2.0,4.0,61.0,61.0
Gäststuga Knorrasjön,guesthouse,Jonstorp,3.0,6.0,95.0,95.0
Villa Laurito,house,Positano,2.0,4.0,185.0,185.0
Peaceful Country Treehouse Nr Penzance & St Ives,treehouse,Penzance,1.0,2.0,294.0,294.0
"""La Parra"", rural tourism. Your home in paradise.",cottage,Benalauría,1.0,2.0,67.0,67.0
Cabaña ecológica de madera en la naturaleza,cabin,La Atalaya,3.0,6.0,80.0,80.0
Gallas Pod House,tiny_home,Vouzela,2.0,4.0,57.0,57.0
Hascherle Hitt,tiny_home,Muldenhammer,1.0,2.0,86.0,86.0
Waterfront #41Design - CozyCityCenter Flat,apartment,Thessaloniki,2.0,4.0,70.0,70.0
Villa Trouz Ar Mor,house,Audierne,2.0,4.0,135.0,135.0
"Treehouse Izmir 
View all our houses please ..",treehouse,Torbalı,3.0,6.0,40.0,40.0
Kaktus Suites Fethiye - City Bungalow 2 w/pool,bungalow,Fethiye,1.0,2.0,69.0,69.0
Yurt op Off-Grid Homestead,unique_stay,Finestrat,1.0,2.0,49.0,49.0
Cabin into the wild,cabin,Idrac respailles,1.0,2.0,77.0,77.0
💎Boka Bay view apartment.💎,apartment,Kotor,3.0,6.0,93.0,93.0
Seaside & Garden Single family home,house,Chalkida,2.0,4.0,104.0,104.0
Del Sol. Studio across the sea 1.,house,Skopelos,2.0,4.0,61.0,61.0
"16th Century Scottish Borders Tower, by Earlston",other,Scottish Borders,3.0,6.0,252.0,252.0
Porto Bello Lux ( Sea View & Swimming Pool),loft,Baošići,4.0,8.0,58.0,58.0
"Spectacular view of Supertubos beach, Peniche",house,Atouguia da Baleia,3.0,6.0,126.0,126.0
1A chalet resting crickets + hiking with indoor sauna,house,Bad Sankt Leonhard im Lavanttal,3.0,6.0,123.0,123.0
Beachfront apartment with perfect seaview,house,Punta Prima,4.0,8.0,231.0,231.0
2 Cabins perched above a pond!,treehouse,Verson,4.0,8.0,98.0,98.0
Casale La Quercia - Tuscany country house,house,Vaiano,2.0,4.0,111.0,111.0
"A Boscastle barn, rustic simplicity stunning views",cottage,Boscastle,1.0,2.0,141.0,141.0
House with breathtaking views!,cabin,County Wicklow,3.0,6.0,222.0,222.0
La Casita de Las Negras,house,Las Negras,4.0,8.0,370.0,370.0
King's Windmill - A little house in the woods,cabin,Serrazone,2.0,4.0,111.0,111.0
Q3 BNB Premium Residence - The Engineering Tower,unique_stay,Ploemeur,1.0,2.0,147.0,147.0
"The Haven Hut, warm, cosy and cute.",cabin,Bridge of Earn,1.0,2.0,64.0,64.0
Washitsu.Casa camper Parking place w/house access,unique_stay,Rif,1.0,2.0,16.0,16.0
Seaside & Garden Single family home,house,Chalkida,2.0,4.0,104.0,104.0
Del Sol. Studio across the sea 1.,house,Skopelos,2.0,4.0,61.0,61.0
"16th Century Scottish Borders Tower, by Earlston",other,Scottish Borders,3.0,6.0,252.0,252.0
Porto Bello Lux ( Sea View & Swimming Pool),loft,Baošići,4.0,8.0,58.0,58.0
Ben's hat,unique_stay,County Durham,2.0,4.0,82.0,82.0
1A chalet resting crickets + hiking with indoor sauna,house,Bad Sankt Leonhard im Lavanttal,3.0,6.0,123.0,123.0
Beachfront apartment with perfect seaview,house,Punta Prima,4.0,8.0,231.0,231.0
2 Cabins perched above a pond!,treehouse,Verson,4.0,8.0,98.0,98.0
"A Boscastle barn, rustic simplicity stunning views",cottage,Boscastle,1.0,2.0,141.0,141.0
Central luxury /Hauptbahnhof,room,Wien,3.0,6.0,92.0,92.0
House with breathtaking views!,cabin,County Wicklow,2.0,4.0,222.0,222.0
King's Windmill - A little house in the woods,cabin,Serrazone,1.0,2.0,111.0,111.0
Q3 BNB Premium Residence - The Engineering Tower,unique_stay,Ploemeur,1.0,2.0,147.0,147.0
"The Haven Hut, warm, cosy and cute.",cabin,Bridge of Earn,1.0,2.0,64.0,64.0
Delightful rustic treehouse,treehouse,Mons,1.0,2.0,42.0,42.0
Washitsu.Casa camper Parking place w/house access,unique_stay,Rif,1.0,2.0,16.0,16.0
Apartment-Mansarda Vista Castello,condo,Roviano,4.0,8.0,61.0,61.0
Bettyjems Stage Refuge,house,Jumilhac-le-Grand,4.0,8.0,20.0,20.0
Mountain hut in the Elbe sandstone with log cabin sauna,cabin,Rosenthal-Bielatal,4.0,8.0,98.0,98.0
"Shepherd's hut ""Wolkakkrazer"" near Wolfegg",unique_stay,Wolfegg,1.0,2.0,57.0,57.0
Private domed Copula @ Free Spirit horse refuge,unique_stay,Atzeneta del Maestrat,3.0,6.0,63.0,63.0
Levanda Home,house,Taktikoupoli,2.0,4.0,73.0,73.0
Face à la mer Brestoise,apartment,Le Relecq-Kerhuon,3.0,6.0,87.0,87.0
DEEP OCEAN BUNGALOWS-PANORAMIC &DOUBLE &HALF BOARD,unique_stay,Fethiye,1.0,2.0,115.0,115.0
Xitaca do Pula,chalet,Covilhã,2.0,4.0,78.0,78.0
Infinity Abram,apartment,Abram,1.0,2.0,61.0,61.0
King bedroom in historic house with garden access,room,Halsham,2.0,4.0,92.0,92.0
The Loggia,house,Rocchetta Nervina,1.0,2.0,169.0,169.0
Ca' Roncate,house,Cernobbio,1.0,2.0,127.0,127.0
Trailer Paradise Ivonete _unwind,unique_stay,Wettringen,3.0,6.0,46.0,46.0
"Views to the valley, Wi-Fi, Air-Con, terrace,",house,Otívar,2.0,4.0,79.0,79.0
Casa del Mago - Castelmezzano,house,Castelmezzano,3.0,6.0,93.0,93.0
Moinho do Sr. Arnaldo - Big Windmill at Peniche,unique_stay,Atouguia da Baleia,1.0,2.0,196.0,196.0
canopy house,unique_stay,La Canourgue,4.0,8.0,81.0,81.0
Panucci's house- halfway between the sea and mountain,house,Dinami,2.0,4.0,25.0,25.0
Peacock House,cottage,Crossdoney,2.0,4.0,80.0,80.0
"Aura House 2bds Eco Bamboo House, Pool, River View",villa,Abiansemal,2.0,4.0,336.0,513.0
BALIAN TREEHOUSE w beautiful pool,unique_stay,Balian Beach,1.0,2.0,117.0,117.0
Bali Bamboo House | Rescape Ubud - Relief Villa,unique_stay,Ubud,1.0,2.0,130.0,171.0
❣️Romantic Staycation-PrivateSunset Pool@megananda,villa,Ubud,1.0,2.0,178.42857142857142,111.0
Dome - Bamboo Villa in Eco Six Bali,cabin,Tampaksiring,1.0,2.0,420.0,420.0
Treehouse De Valentine,treehouse,Balamban,5.0,10.0,255.0,255.0
Luxury 5 BDR Resort w/ Gym & Ricefield View,villa,Tampaksiring,5.0,10.0,373.25,506.0
"Exclusive Private Island + Brother Island, El Nido",unique_stay,El Nido,11.0,22.0,469.0,469.0
15min walk to MRT Private room for 3 Free Brekkie.,room,Chom Phon,3.0,6.0,31.0,31.0
Elegant & luxurious 3 BR villa rice-fields pano,villa,Kecamatan Ubud,4.0,8.0,238.5,322.0
Exclusive Beach Villa - Balian Beach,villa,Tabanan,4.0,8.0,240.0,240.0
"180° VIEW, PRIVATE POOL VILLA..",villa,Singaraja,1.0,2.0,206.0,206.0
White Breeze Pool 1BD Apartment,apartment,Phuket,1.0,2.0,44.75,64.0
Beautiful villa on the edge of BLUE LAGOON,villa,Nusa Ceningan,1.0,2.0,264.0,264.0
Intimate Private Pool Villas in Ubud center,villa,Kecamatan Ubud,1.0,2.0,238.5,209.0
50% OFF | Ipian Cinta with Private Pool jacuzzi,unique_stay,Kecamatan Ubud,1.0,2.0,107.0,142.0
Love Nest for honeymooner at best location,villa,Kecamatan Kuta Utara,1.0,2.0,275.6666666666667,251.0
Leafy Greens Chiangmai : Mushroom M2,unique_stay,Mueang Chiang Mai District,1.0,2.0,22.0,22.0
Love Nest for honeymooner at best location,villa,Kecamatan Kuta Utara,1.0,2.0,275.6666666666667,251.0
❣️Secluded Getaway Staycation+SunsetPool@megananda,villa,Payangan,1.0,2.0,111.0,111.0
Leafy Greens Chiangmai : Mushroom M2,unique_stay,Mueang Chiang Mai District,1.0,2.0,22.0,22.0
#3# Beautiful Balinese Villa with Private Pool,villa,Ubud,1.0,2.0,178.42857142857142,137.0
"Palma Villa, Spectacular Sea View Villa with Pool",villa,เกาะพงัน,2.0,4.0,238.0,238.0
Luxurious Private Pool Villa with Garden North of Ubud,villa,Tegallalang,2.0,4.0,126.0,126.0
Tiny Tall Haus Ubud Getaway!,tiny_home,Kecamatan Ubud,1.0,2.0,95.0,95.0
Pondok Prapen -Ubud Center Private Pool Villa,bungalow,Ubud,3.0,6.0,217.0,217.0
Beetle - Bamboo Villa in Eco Six Bali Resort,villa,Tampaksiring,2.0,4.0,373.25,458.0
the naked house,house,Ko Samui,7.0,14.0,205.0,205.0
"""Villa Sauvage 2 br"" - a magic horizon of coziness",villa,Kamala,2.0,4.0,122.0,122.0
Bathing Private Exclusive Cottage,house,Mabini,6.0,12.0,183.0,183.0
Zen Hideaway #3 - ultimate Wabi-sabi experiences,unique_stay,Abiansemal,2.0,4.0,235.0,235.0
"Explore, Experience, Enjoy T-HOUSE Lakestaycation!",tiny_home,Cavinti,2.0,4.0,39.0,39.0
Hidden Bamboo Bali,unique_stay,Tampaksiring,1.0,2.0,136.0,136.0
Poolside room in large villa. 5 minutes to beach.,room,Kecamatan Denpasar Selatan,1.0,2.0,34.0,34.0
Ba hao Residence x MAITRI CHIT ROOM,room,Bangkok,1.0,2.0,96.0,96.0
Pool Villa by Humble,hotel,Ko Samui,1.0,2.0,63.0,63.0
[VR] 2BR High Skyline Ocean View @ Pattaya,apartment,Muang Pattaya,3.0,6.0,99.5,136.0
Villa Seminyak 1 Bedroom 10 Mins to Beach,house,Kuta,1.0,2.0,69.0,69.0
"DEEPSPACE villa X1 ,Secret Address on Quiet Beach",villa,Ko Lanta District,3.0,6.0,164.0,164.0
BALIAN TREEHOUSE 2 - with private pool,other,Balian Beach,3.0,6.0,131.0,131.0
Private pool two bedroom villa - villa the cow,villa,Thành phố Hội An,2.0,4.0,97.0,97.0
清迈 The Astra Condo长康路无边泳池豪华公寓古城夜市边Chang Khlan road,apartment,清迈,1.0,2.0,33.0,33.0
Garden view twin room with breakfast-Ngan Phu,other,Thành phố Hội An,2.0,4.0,24.0,24.0
Heritage of Art Villa Iseh in Sidemen East Bali,room,Sidemen,1.0,2.0,154.0,154.0
One-Bedroom Suite in Patong Beach,apartment,Tambon Patong,2.0,4.0,57.0,49.0
"【CENTRAL STUDIO】0-min BTS ASOK, FAST WIFI, NETFLIX",condo,Khet Watthana,4.0,8.0,58.0,58.0
"Eagles Nest, Luxury Villa, Koh Yao Noi",villa,Koh Yao Noi,22.0,44.0,986.0,986.0
FIG TREE BOUTIQUE VILLA,hotel,Thành phố Hội An,3.0,6.0,30.0,30.0
Seaview Bedrock Home,unique_stay,Ao nang,3.0,6.0,131.0,131.0
Alamanda Tropical Wooden Villa - Pool View,villa,Langkawi,2.0,4.0,97.0,97.0
Perch Villa - Clifftop villa spectacular sea view,villa,Koh Lanta Island,1.0,2.0,162.0,162.0
Tropical Private Room Canggu 3 by Rios Guest House,guesthouse,Kecamatan Kuta Utara,3.0,6.0,33.0,33.0
"Luxury Beach Front Pool Villa, Phuphatara Rayong",villa,Rayong,1.0,2.0,359.0,359.0
TROPICAL POOL BEACH VILLA III | Beach-Pool-Freedom,cottage,Lamai Beach,1.0,2.0,142.0,142.0
Samu House. Tropical stay private pool.Adults Only,cabin,Kecamatan Ubud,1.0,2.0,108.0,108.0
Romantic 1br Villa - Ubud Jungle,villa,Tampaksiring,1.0,2.0,373.25,363.0
umatreehouse,treehouse,Tampaksiring,1.0,2.0,133.0,133.0
"Promo Price! Magical Treehouse, Stunning Views.",treehouse,Ubud,4.0,8.0,280.0,280.0
Tropical Glamping 🌴 Cliff Side Ocean View + Net🐬,bungalow,Nusapenida,1.0,2.0,474.0,474.0
Cliffside Bamboo Treehouse - Private Pool & View,treehouse,Klungkung,1.0,2.0,698.5,484.0
Dreamy Cliffside Bamboo Villa with Pool and View,cabin,Klungkung,1.0,2.0,484.0,484.0
25%OFF! Romantic Honeymoon Escape in Ubud Paradise,cottage,Ubud,1.0,2.0,117.0,117.0
Acala Lembongan-Deluxe Suite Sea View,hotel,Nusa Lembongan,1.0,2.0,92.0,92.0
NEW 5BR Luxury Villa in Ubud: Pool and Jungle View,villa,Ubud,5.0,10.0,178.42857142857142,451.0
Seaside Designer Treehouse ~ Stunning Views ~ Pool,treehouse,Kabupaten Buleleng,1.0,2.0,121.0,121.0
private villa with infinity pool hill and sea view,room,Kabupaten Buleleng,1.0,2.0,53.0,53.0
50% OFF | Ipian Jiwa Eco Bamboo Uniquely Escape,unique_stay,Ubud,6.0,12.0,130.0,89.0
"Private Modern Beachfront Villa: Pool, Sunset View",villa,Bacnotan,9.0,18.0,628.0,628.0
SoftLaunch IbizaInspiredBeachfrontVilla inBatangas,villa,Lian,1.0,2.0,473.0,473.0
Stunning Room Near Ubud Market - Outdoor Pool!!,hotel,Kecamatan Ubud,1.0,2.0,44.0,44.0
Hotel Room with Private Plunge Pool Siray Bay#2,hotel,Tambon Ratsada,1.0,2.0,71.0,71.0
Suite 2 - Beachfront Luxury Suite on Bingin Beach,guest_suite,Bingin Beach,1.0,2.0,267.0,267.0
"Private Modern Beachfront Villa: Pool, Sunset View",villa,Bacnotan,6.0,12.0,628.0,628.0
TROPICAL - DESIGNER LOFT - Seminyak,loft,Seminyak,1.0,2.0,220.0,220.0
SoftLaunch IbizaInspiredBeachfrontVilla inBatangas,villa,Lian,9.0,18.0,473.0,473.0
Hotel Room with Private Plunge Pool Siray Bay#2,hotel,Tambon Ratsada,1.0,2.0,71.0,71.0
Suite 2 - Beachfront Luxury Suite on Bingin Beach,guest_suite,Bingin Beach,3.0,6.0,267.0,267.0
3 Bdr - The Dream Cliffside Bamboo Villa By Avana,treehouse,Klungkung,1.0,2.0,698.5,913.0
Madara Ubud Villas,villa,Kecamatan Ubud,2.0,4.0,238.5,194.0
New 2BR+2Bath Eco Home,unique_stay,Tambon Bo Put,2.0,4.0,53.0,53.0
Le Aiken Xperience - Unique Bamboo House,other,Penebel,2.0,4.0,252.0,252.0
Six-Bamboo Villa in Eco Six Bali Resort,house,Kecamatan Tampaksiring,1.0,2.0,458.0,458.0
One-Bedroom Villa Suite Deluxe,house,Kecamatan Kuta Selatan,1.0,2.0,229.0,229.0
Enchanted Hobbit Treehouse Nestled in the Jungle,treehouse,Tegallalang,1.0,2.0,207.0,207.0
Romantic hideaway for two,house,Tegallalang,2.0,4.0,33.0,33.0
PICO DE LORO ( Santorini Vibe),apartment,Nasugbu,4.0,8.0,112.0,112.0
*NEW* Lovely New 3BR Villa Stunning Jungle View,villa,Kecamatan Tampaksiring,1.0,2.0,381.0,381.0
Nalu Bingin - 1 Bedroom Villa,villa,South Kuta,2.0,4.0,202.0,202.0
Pelangi Treehouse (formerly Skai Joglo),villa,Kecamatan Ubud,1.0,2.0,238.5,229.0
°3 Charming room in Bingin beach,other,Pecatu,1.0,2.0,155.0,155.0
"Luxe Villa in Tropical Oasis, Ubud. Walk to town.",villa,Ubud,1.0,2.0,178.42857142857142,176.0
4br Lovina Paradise - Ocean View,villa,Banjar,4.0,8.0,460.0,460.0
"Baby & kids friendly, JB CIQ, Romantic Duplex",condo,Johor Bahru,2.0,4.0,59.5,75.0
Tiny House by The Modern Escape,tiny_home,Concepcion,2.0,4.0,128.0,128.0
Gorgeous luxury 1 bedroom villa in heart of Canggu,villa,Kecamatan Kuta Utara,1.0,2.0,275.6666666666667,325.0
Boho-Chic villa with ocean&rice field view,villa,Kecamatan Seririt,3.0,6.0,201.0,201.0
Ceylon Villas 4 - 1BR Villa! 5 mins to Ubud 🌴,villa,Ubud,1.0,2.0,178.42857142857142,125.0
Gypsea Bali Bungalow with private bathroom and AC,other,Kecamatan Kuta Selatan,1.0,2.0,155.0,155.0
"DAY CLOUDS, Ubud",unique_stay,Kecamatan Ubud,1.0,2.0,107.0,72.0
Cozy Loft Cabins Near Tagaytay,cabin,Amadeo,8.0,16.0,252.0,252.0
Ocean View and Private Pool at Balian Beach,other,Tabanan,1.0,2.0,116.0,116.0
Wanagiri Cabin,cabin,Kecamatan Sukasada,2.0,4.0,148.0,148.0
Batan Sabo Cottage,other,Nusapenida,1.0,2.0,72.0,72.0
Bamboo Turtle cabin river view 5km to Ubud center,treehouse,Kecamatan Ubud,1.0,2.0,118.0,118.0
PROMO! Luxury Villa Escape in Ubud 2 BR,house,Kecamatan Ubud,2.0,4.0,306.0,306.0
Villa Sea Spray Bali Cowrie literally on the Ocean,apartment,Candidasa,2.0,4.0,130.0,130.0
The Nude House,house,Kecamatan Selat,2.0,4.0,305.0,305.0
Tiny Poolvilla in the heart of Phuket,villa,Kathu,1.0,2.0,119.0,119.0
Bamboo Turtle cabin river view 5km to Ubud center,treehouse,Kecamatan Ubud,1.0,2.0,118.0,118.0
PROMO! Luxury Villa Escape in Ubud 2 BR,house,Kecamatan Ubud,2.0,4.0,306.0,306.0
The Nude House,house,Kecamatan Selat,2.0,4.0,305.0,305.0
Tiny Poolvilla in the heart of Phuket,villa,Kathu,1.0,2.0,119.0,119.0
Instagrammable Loft Studio in EkoCheras KL,apartment,Kuala Lumpur,1.0,2.0,60.285714285714285,60.0
❤PROMO Beachfront oasis. Private pool and firepit,villa,Kecamatan Banjar,4.0,8.0,189.0,189.0
Arte Mont Kiara Muji Suites,condo,Federal Territory of Kuala Lumpur,3.0,6.0,51.0,51.0
My Canopy Tagaytay (with thermal pool),villa,Tagaytay,17.0,34.0,424.0,424.0
Luxe Suite: Villacellabella Ubud Bali Instaworthy,room,UbudUbud,1.0,2.0,490.0,490.0
CITY APART ★ CENTRAL City-FREE Pool & Gym,apartment,phường 6,1.0,2.0,31.0,31.0
Villa Akasha - Bio-Architected Eco Dome,other,Ubud,1.0,2.0,86.0,86.0
#1Beach Front Villa room Villa Blanca Beach Front,hotel,Lian,1.0,2.0,71.0,71.0
Luxury 1 BR Villa w/ Private Pool & Ricefield View,villa,Ubud,4.0,8.0,178.42857142857142,92.0
Yuma • Atlantis Melaka/3BR 8Pax WiFi Balcony SeaView,apartment,Melaka,2.0,4.0,32.0,40.0
Ceylon Villas 1 - 2BR Villa! 5 mins to Ubud 🌴,villa,Tampaksiring,1.0,2.0,373.25,166.0
"Newly furnished first row of seaview in Moon, sea view, perfect sunrise ~ long term rental welcome (also discounted)",house,頭城鎮,2.0,4.0,155.0,155.0
B Designer King Bed with Partial SEA VIEW bath,hotel,Kathu District,2.0,4.0,75.0,75.0
"Vaikuntha#3, The Pursuit of Perfect Rustic Beauty",unique_stay,Selat,2.0,4.0,201.0,201.0
DELUXE SEA VIEW + Hot Tub @Koh Samui,hotel,Tambon Maret,1.0,2.0,72.0,72.0
Spacious Apt in City of Angels,apartment,Bangkok,1.0,2.0,54.5,19.0
"Luxury room & Sky pool, in Phuket town",apartment,Phuket,1.0,2.0,44.75,40.0
Mt Batur Sunrise & overnight,unique_stay,Kintamani,1.0,2.0,42.0,42.0
Tide 2 in Penida Tides Cottage,other,Nusa Penida,1.0,2.0,32.0,32.0
Ceylon Villas 2 - 2BR Villa! 5 mins to Ubud 🌴,villa,Ubud,2.0,4.0,178.42857142857142,157.0
Private room4 Legian/breakfast/close to Kuta beach,room,Kabupaten Badung,1.0,2.0,81.0,81.0
"Luxury Ocean Front, 2,500sq ft Private Eco Villa!",villa,Karangasem,1.0,2.0,450.0,450.0
★Studio in Seafront Private Villa w/infinity pool★,apartment,PHUKET,3.0,6.0,48.0,53.0
Veranda Residence pattaya 2bedroom partial seaview,condo,Na Chom Thian,2.0,4.0,83.0,83.0
Cool Home w Garden near Sea,house,Hua Hin,2.0,4.0,77.0,77.0
Cozy & Modern Loft w/ high speed wi-fi and Netflix,loft,Pasig,1.0,2.0,35.0,35.0
Cozy Place near Shopping Center,apartment,Phuket,2.0,4.0,44.75,35.0
Ocean View Pool Villa @ Balian Beach,house,Tabanan,1.0,2.0,170.0,170.0
Oceanfront Pool Villa,villa,General Luna,2.0,4.0,163.0,163.0
Lovely 1 Bedroom Suite with Pool View,condo,George Town,3.0,6.0,26.0,26.0
Private Beach House. The Shack,house,Santander,1.0,2.0,89.0,89.0
Lounge Poolside Under Lush Greenery at an Organic Bamboo Pad,treehouse,Bali,1.0,2.0,69.0,69.0
"Luxury room & Sky pool, in Phuket town",apartment,Phuket,1.0,2.0,44.75,40.0
Tide 2 in Penida Tides Cottage,other,Nusa Penida,1.0,2.0,32.0,32.0
Walk to Petronas Towers from a Stylish Apartment,apartment,Kuala Lumpur,1.0,2.0,60.285714285714285,71.0
Private room4 Legian/breakfast/close to Kuta beach,room,Kabupaten Badung,1.0,2.0,81.0,81.0
"Luxury Ocean Front, 2,500sq ft Private Eco Villa!",villa,Karangasem,1.0,2.0,450.0,450.0
★Studio in Seafront Private Villa w/infinity pool★,apartment,PHUKET,3.0,6.0,48.0,53.0
Veranda Residence pattaya 2bedroom partial seaview,condo,Na Chom Thian,2.0,4.0,83.0,83.0
Cool Home w Garden near Sea,house,Hua Hin,2.0,4.0,77.0,77.0
Coconut Garden Resort Gili Trawangan,hotel,Gili Trawangan,1.0,2.0,69.0,69.0
Cozy & Modern Loft w/ high speed wi-fi and Netflix,loft,Pasig,2.0,4.0,35.0,35.0
Balian Beachfront Luxury Tiny House,tiny_home,Kabupaten Tabanan,4.0,8.0,186.0,186.0
Ocean View Pool Villa @ Balian Beach,house,Tabanan,1.0,2.0,170.0,170.0
PD D'Wharf Premium Suite - Full Seaview (4-6 Pax),apartment,Port Dickson,1.0,2.0,54.0,54.0
Oceanfront Pool Villa,villa,General Luna,1.0,2.0,163.0,163.0
Lounge Poolside Under Lush Greenery at an Organic Bamboo Pad,treehouse,Bali,2.0,4.0,69.0,69.0
Studio in Beachfront Private Villa w/Infinity pool,apartment,PHUKET,2.0,4.0,48.0,38.0
Grand Seaview Pool Suite •,room,Phuket,2.0,4.0,111.0,111.0
"❤️THE LOFT, Romantic Beachfront Home, HIN KONG.",house,ตำบล บ้านใต้,2.0,4.0,198.0,198.0
"❤️THE LOFT, Romantic Beachfront Home, HIN KONG.",house,ตำบล บ้านใต้,2.0,4.0,198.0,198.0
5* Studio Resort like: Mason Place Capitol Park,apartment,Kecamatan Senen,2.0,4.0,29.0,29.0
Minimax House by wiandra,house,Lembang,4.0,8.0,96.0,96.0
B1731/Seaview/5 mine drive to Jonker/Imperio/4 pax,condo,Melaka,3.0,6.0,27.333333333333332,23.0
*6Maritime Seafront Scandinavian Home‖北欧风格日出无敌海景套房,loft,George Town,3.0,6.0,109.0,153.0
Scenic Cebu City View Condo in Ayala,condo,Cebu City,2.0,4.0,32.333333333333336,41.0
"Baan Rom Pruk private house, near Naiyang beach",bungalow,Naiyang Beach,1.0,2.0,26.0,26.0
10' walk to Bitexco D1 45sqm Studio - Stay&Fun 01,condo,Quận 4,1.0,2.0,38.0,38.0
Ayung Panorama. Poetic house on Ayung River cliff,villa,Abiansemal,2.0,4.0,336.0,159.0
Villa The Spot - Room B6,room,Ko Samui District,1.0,2.0,127.0,127.0
Cozy Seafront Studio Suite Near Queensbay,condo,Bayan Lepas,1.0,2.0,52.0,52.0
GLAMPING Experience with an INFINITY POOL,unique_stay,Kecamatan Selat,2.0,4.0,79.0,79.0
Veranda Residence pattaya 1BR partial sea view,condo,Tambon Na Chom Thian,2.0,4.0,47.0,47.0
1min KLCC Twin Tower & Pavilion/Ins cottage for best memories,apartment,Kuala Lumpur,2.0,4.0,60.285714285714285,38.0
Nyan Bali -A Bamboo House Escape with Private Chef,cabin,Selat,2.0,4.0,237.0,237.0
5-Star Experience at the Heart of Cebu,condo,Cebu City,3.0,6.0,32.333333333333336,49.0
Antipolo - Secluded and Romantic,bungalow,Antipolo,3.0,6.0,143.0,143.0
Alon and Sandy Surf Shack GFloor (Air Conditioned),room,San Juan,3.0,6.0,129.0,129.0
The Blue Cabin #Beach,room,Botolan,1.0,2.0,62.0,62.0
"Amazing Manila Bay View! Spacious Comfy, Clean *31",condo,Manila,2.0,4.0,48.5,69.0
Luxurious private 2bedrm seafront Phuket penthouse,apartment,Thalang,2.0,4.0,286.0,286.0
Serenity Tagaytay Home w/ WIFI & NETFLIX,condo,Tagaytay,3.0,6.0,30.0,30.0
B1933B/5 min drive to Jonker/Seaview/Imperio/4 pax,apartment,Melaka,4.0,8.0,32.0,24.0
H&B Villas Phu Quoc - 3 Bedrooms,villa,Phu Quoc,4.0,8.0,252.0,252.0
A Chic and Cozy 2Br Unit w/ Netflix and Disney+,condo,Pasig,6.0,12.0,34.0,34.0
Coastline Seaview Duplex Level 19 Executive Floor,loft,George Town,1.0,2.0,109.0,87.0
"BOHO CABIN, Hin Kong Beachfront, West Coast.",cabin,Tambon Ko Pha-ngan,2.0,4.0,132.0,132.0
(A)Charming Pool Access One Bedroom Apartment,apartment,Tambon Kamala,1.0,2.0,65.0,65.0
"One Bedroom Condo in Roxas Boulevard, Pasay City",condo,Pasay,8.0,16.0,30.0,30.0
Wake up to the Sea of Bali: Beachfront luxury plus,villa,Seririt,1.0,2.0,194.0,194.0
Enchanted River cabin w/private garden and kitchen,cabin,Lazi,2.0,4.0,51.0,51.0
Cozy City Condo at Horizons 101 [ W/ WIFI ].,condo,Cebu City,2.0,4.0,32.333333333333336,26.0
SUNSET SEAVIEW DELUXE PATONG - POOL+TERRACE,apartment,Tambon Patong,4.0,8.0,57.0,64.0
Appartment 140 sqm 6 people big terrace sea view,apartment,Tambon Rawai,2.0,4.0,111.0,111.0
Cozy room 48.5 sq.m @The Astra near Night market,condo,Chiang Mai,1.0,2.0,45.0,45.0
EXPRESSIONZ-1Bedroom-Junior-Suite-KLCC-Sky-Pool,apartment,Kuala Lumpur,1.0,2.0,60.285714285714285,53.0
Coastline Seaview Duplex Level 19 Executive Floor,loft,George Town,6.0,12.0,109.0,87.0
VENUE HOTEL-20% Superior City NiceWindow#Good Rate,hotel,Nha Trang,1.0,2.0,17.0,17.0
"Bebalilodge, one bedroom house with private pool",farm_stay,Gianyar,1.0,2.0,76.0,76.0
"BOHO CABIN, Hin Kong Beachfront, West Coast.",cabin,Tambon Ko Pha-ngan,1.0,2.0,132.0,132.0
(A)Charming Pool Access One Bedroom Apartment,apartment,Tambon Kamala,2.0,4.0,65.0,65.0
Wake up to the Sea of Bali: Beachfront luxury plus,villa,Seririt,8.0,16.0,194.0,194.0
Enchanted River cabin w/private garden and kitchen,cabin,Lazi,1.0,2.0,51.0,51.0
Cozy City Condo at Horizons 101 [ W/ WIFI ].,condo,Cebu City,2.0,4.0,32.333333333333336,26.0
SUNSET SEAVIEW DELUXE PATONG - POOL+TERRACE,apartment,Tambon Patong,2.0,4.0,57.0,64.0
Cozy room 48.5 sq.m @The Astra near Night market,condo,Chiang Mai,2.0,4.0,45.0,45.0
2 Bedrooms Beachfront on Maikhao Beach B#7F,condo,Tambon Thep Krasatti,2.0,4.0,90.0,90.0
EXPRESSIONZ-1Bedroom-Junior-Suite-KLCC-Sky-Pool,apartment,Kuala Lumpur,1.0,2.0,60.285714285714285,53.0
La Casita Hua Hin 2,apartment,Tambon Hua Hin,1.0,2.0,32.0,32.0
The LOJI @ Patra Kuningan # 3,room,Tebet,2.0,4.0,24.0,24.0
Cozy Studio across Ayala Mall iT Park 1min walk,condo,Cebu City,1.0,2.0,32.333333333333336,26.0
B4: Sea Breeze Bungalow with Ensuite and AC,bungalow,Ko Samui,2.0,4.0,33.0,33.0
"Villa Arun, Sumberkima Hill",villa,Pemuteran,1.0,2.0,262.0,262.0
DANNY’s HIGH VIEW STUDIO near District1 Ben Thanh!,apartment,Quận 4,1.0,2.0,44.0,44.0
Premier Lux Studio Large Tv Free Netflix | City,apartment,Kuala Lumpur,2.0,4.0,60.285714285714285,62.0
"BOHO CABIN, Hin Kong Beachfront, West Coast.",cabin,Tambon Ko Pha-ngan,1.0,2.0,132.0,132.0
【R&F】Studio of Dual-Key Homely Getaway byⓗⓢ,condo,Johor Bahru,2.0,4.0,59.5,44.0
"Luxury Q Chidlom Condo, BTS ChitLom, Siam,",apartment,Bangkok,1.0,2.0,54.5,90.0
(A)Charming Pool Access One Bedroom Apartment,apartment,Tambon Kamala,2.0,4.0,65.0,65.0
Wake up to the Sea of Bali: Beachfront luxury plus,villa,Seririt,8.0,16.0,194.0,194.0
#18 2022 Newest! Downtown Lux Fun Sea View Condo,apartment,Muang Pattaya,1.0,2.0,99.5,63.0
Enchanted River cabin w/private garden and kitchen,cabin,Lazi,1.0,2.0,51.0,51.0
Cozy City Condo at Horizons 101 [ W/ WIFI ].,condo,Cebu City,2.0,4.0,32.333333333333336,26.0
SUNSET SEAVIEW DELUXE PATONG - POOL+TERRACE,apartment,Tambon Patong,2.0,4.0,57.0,64.0
Cozy room 48.5 sq.m @The Astra near Night market,condo,Chiang Mai,2.0,4.0,45.0,45.0
B2733/Seaview/5mins to Jonker/Imperio/Studio/4pax,condo,Melaka,3.0,6.0,27.333333333333332,30.0
Kanvas Soho / KLIA / FREE WIFI 500mbps,condo,Cyberjaya,2.0,4.0,24.0,24.0
#Maritime*3*The Rhythm of the Sea @ 日出无敌全海景,loft,Jelutong,3.0,6.0,98.0,98.0
Waterfront Traditional Thai Style Pool Villa (V7),villa,Phuket,1.0,2.0,41.0,41.0
The LOJI @ Patra Kuningan # 3,room,Tebet,2.0,4.0,24.0,24.0
"Villa Arun, Sumberkima Hill",villa,Pemuteran,1.0,2.0,262.0,262.0
DANNY’s HIGH VIEW STUDIO near District1 Ben Thanh!,apartment,Quận 4,1.0,2.0,44.0,44.0
Comfy-Cozy-Cheap @ NAIA 3 near RW w/ NETFLIX,apartment,Pasay,3.0,6.0,33.0,33.0
[50mbps+NETFLIX] Your home in the heart of Manila,condo,Manila,1.0,2.0,48.5,28.0
Comfy Room with Bathroom near MRT Phra Ram 9,room,Khet Din Daeng,1.0,2.0,30.0,30.0
"Endless Patong Ocean View from a Hilltop Condominium, Phuket",apartment,Patong,4.0,8.0,56.0,56.0
"Spectacular Ocean View Villa in Uluwatu, Bali",villa,Uluwatu,2.0,4.0,673.0,673.0
"Exclusive Villa, for Couples Looking To Relax",room,Kecamatan Ubud,2.0,4.0,89.0,149.0
1 BR Phuket Modern Luxury Living,apartment,Tambon Patong,1.0,2.0,57.0,44.0
*SETIA ALAM* Big Luxury Comfort Homestay #Trefoil,apartment,Shah Alam,1.0,2.0,30.0,30.0
Luxury Villa in Ubud,room,Ubud,3.0,6.0,65.0,65.0
"S101 Beachfront Private Villa,
A Resort by the Sea",hotel,Langkawi,2.0,4.0,49.0,49.0
Admire Deluxe Marble Walls at a Highrise Resort Home,apartment,Kuala Lumpur,2.0,4.0,60.285714285714285,85.0
B1706/5 mins drive to Jonker/Imperio/Studio/4pax,condo,Melaka,1.0,2.0,27.333333333333332,29.0
Odesa Villa1 Ubud close to center,room,Kecamatan Ubud,1.0,2.0,89.0,29.0
"Malay villa, Best views in Ubud!",hotel,Ubud,1.0,2.0,167.0,167.0
*Hidden Oasis Bangkok 1 | Near ICONSIAM,room,Khlong Ton Sai,1.0,2.0,28.0,28.0
Directly on the beach-for animal lovers only,house,Tambon Bo Put,1.0,2.0,144.0,144.0
"Maphrao in Kamala, accommodation on the beach",other,Kamala,1.0,2.0,49.0,49.0
A Divers Home: beachfront room with sunset view,room,El Nido,1.0,2.0,34.0,34.0
Forest Haven - Otium,tiny_home,Millersburg,1.0,2.0,224.0,224.0
WANDERLUST TREEHOUSE Book an experience!,treehouse,Crane Hill,1.0,2.0,402.0,402.0
Architectural Masterpiece | Best View in Telluride,house,Telluride,5.0,10.0,732.0,732.0
The Triangle: A-Frame Cabin for your city retreat,cabin,West Farmington,4.0,8.0,121.0,123.0
Cozy Louise Cabin - Direct Cuyuna MTB Access/Sauna,cabin,Crosby,2.0,4.0,225.0,225.0
A-frame cabin by the bay with kayak!,cabin,Hancock,2.0,4.0,357.5,230.0
Peacock Tiny House near Las Vegas,tiny_home,Sandy Valley,2.0,4.0,154.5,155.0
Peach Log Cabin/Hot Tub/Romantic/Close to Town!,cabin,Fredericksburg,1.0,2.0,292.0,292.0
Guest room available short stays,room,New York,2.0,4.0,178.0,217.0
"Tiny House Cozy Cabin by Zion, Grand Canyon, Bryce",cabin,Fredonia,4.0,8.0,188.0,188.0
Nature’s Nook- A Modern Treehouse Near Wineries,treehouse,Dahlonega,3.0,6.0,336.0,336.0
Conestoga Wagon on Dude Ranch NEAR LAS VEGAS,farm_stay,Sandy Valley,1.0,2.0,147.0,147.0
The Forestry House - A modern luxury treehouse.,treehouse,Travelers Rest,1.0,2.0,293.5,305.0
Crystal Peak Lookout 🌲,treehouse,Fernwood,3.0,6.0,230.0,230.0
Heartwood Cabin at Mt. Rainier,cabin,Packwood,3.0,6.0,354.0,354.0
Modern Nashville Home in the Woods,cabin,Nashville,1.0,2.0,278.0,278.0
The Leaf Treehouse,treehouse,Fredericksburg,2.0,4.0,649.5,641.0
Secluded View! A-Frame Hot Tub and Fire Pit,cabin,Bryson City,2.0,4.0,357.5,361.0
Lakefront A-Frame Cabin on Table Rock Lake,cabin,Branson,2.0,4.0,129.0,129.0
The Cargill-Earl Guesthouse at Erik's Ranch,house,Livingston,3.0,6.0,426.0,426.0
Taos Mesa Studio Earthship,house,Taos,1.0,2.0,194.0,194.0
A- Frame Cabin,other,Shippensburg,2.0,4.0,273.0,273.0
Diamond Desert Escape,house,Scottsdale,5.0,10.0,384.0,384.0
Calowahcan Cabin *NEW hot tub*,cabin,Ronan,3.0,6.0,213.0,213.0
Cozy Bow House Perched in Trees w/ Hot Tub & View,house,Fairlee,5.0,10.0,244.0,244.0
Cherry Blossom Yurt on Lookout Mountain,unique_stay,Rising Fawn,1.0,2.0,157.0,157.0
Storybook A-Frame Cabin in the Woods Close to Downtown Boone,cabin,Boone,2.0,4.0,218.0,218.0
The Cabin at Maple View - Accepting Reservations,cabin,Urbana,2.0,4.0,123.0,123.0
Romantic Cabin - 9 miles to Glacier National Park,cabin,Martin City,2.0,4.0,171.0,171.0
Enjoy the Heated Pool at a Beautifully Designed Getaway,house,Austin,1.0,2.0,213.0,213.0
10-Acre Yellowstone Cabin w/Stunning Mtn View,cabin,Livingston,4.0,8.0,222.0,222.0
"The Big Blue, 1 BR+Den!",condo,Avalon,2.0,4.0,597.0,597.0
Moab Glamping Luxury Tent for 2,unique_stay,Moab,1.0,2.0,254.0,254.0
Villa Loggia! 5min walk to Prvt Beach/pool/SmartTV,house,Destin,6.0,12.0,379.6666666666667,417.0
"Scenic, Serene Lakefront Cabin — Wood Stove",cabin,Crivitz,3.0,6.0,149.0,149.0
The Stillwater at Stoner Creek Cabins,tiny_home,Lakeside,1.0,2.0,178.0,178.0
A little piece of heaven...,house,Half Moon Bay,4.0,8.0,950.0,950.0
Romantic Cabin - 9 miles to Glacier National Park,cabin,Martin City,2.0,4.0,171.0,171.0
Enjoy the Heated Pool at a Beautifully Designed Getaway,house,Austin,1.0,2.0,213.0,213.0
"The Big Blue, 1 BR+Den!",condo,Avalon,2.0,4.0,597.0,597.0
Beautiful pool home near strip,house,Henderson,3.0,6.0,252.0,252.0
Moab Glamping Luxury Tent for 2,unique_stay,Moab,1.0,2.0,254.0,254.0
Villa Loggia! 5min walk to Prvt Beach/pool/SmartTV,house,Destin,6.0,12.0,379.6666666666667,417.0
The Stillwater at Stoner Creek Cabins,tiny_home,Lakeside,1.0,2.0,178.0,178.0
Totally Beachin - Condo with Stunning Ocean Views,condo,Orange Beach,6.0,12.0,287.0,287.0
Moonlit Chalet,cabin,Clyde,2.0,4.0,175.0,175.0
Atlantic Coast Dome Home Across from Sound w/ View,house,Wilmington,2.0,4.0,244.0,244.0
Welcome to our Modern Cape Escape with Heated Pool,house,Cape Coral,5.0,10.0,173.0,233.0
The 'Easy A' Cabin in Rocky Point,house,Klamath Falls,3.0,6.0,202.0,202.0
Luxury One Bedroom Condo with private balcony,condo,Daytona Beach,3.0,6.0,123.0,123.0
"""Swan Ocean"" Beach House on Vilano Beach",house,St. Augustine,6.0,12.0,647.0,955.0
Coastal Waters 214-2nd floor ocean view condo,condo,New Smyrna Beach,2.0,4.0,168.0,168.0
Lake House Minutes to Downtown Mt. Dora and Eustis,house,Eustis,2.0,4.0,173.0,173.0
Circle J Bed & Breakfast,tiny_home,White Pigeon,2.0,4.0,92.0,92.0
"Hillside Cripple Creek Cabin w/Hot Tub, Mtn Views!",cabin,Cripple Creek,3.0,6.0,196.0,196.0
Basic Cabin #1 - Sleeps 4 - OK-C1,cabin,Moab,3.0,6.0,125.0,125.0
ONLY 1.5 Miles from the Creation Museum!,house,Petersburg,4.0,8.0,124.0,124.0
"Blue Oasis | King Bed | Feel Far, Be Close Dogs ok",house,Twentynine Palms,2.0,4.0,155.0,155.0
Garden Gate Getaway,room,McKinney,2.0,4.0,53.0,53.0
"Taos Skybox ""Stargazer"" High Desert Retreat",house,El Prado,1.0,2.0,184.0,184.0
"The best in tiny living!
TreehouseTopia",treehouse,Sevierville,2.0,4.0,229.0,229.0
*Unique Pyramid Home for an amazing vacation,house,Fort Myers,1.0,2.0,231.0,231.0
Private Modern Guesthouse near Mulholland Drive,cottage,Los Angeles,2.0,4.0,151.0,151.0
Water side Cozy cabin,house,Summertown,4.0,8.0,98.0,98.0
NEW! One-of-a-Kind Luxury Cabin w/Hot Tub,cabin,Florissant,1.0,2.0,358.0,358.0
Hilltop cabin retreat with lake & mountain views,guesthouse,Escondido,5.0,10.0,188.0,188.0
Brand New 3 beds at Solara Resort,house,Kissimmee,2.0,4.0,189.75,155.0
New lux cabin w/mount index view,cabin,Gold Bar,1.0,2.0,264.5,276.0
Redwood Treehouse Santa Cruz Mtns.,treehouse,Watsonville,2.0,4.0,190.0,190.0
Mickey Mouse Themed Getaway next to Disney 1,condo,Kissimmee,4.0,8.0,164.0,115.0
Crystal Lake House,house,Ellington,4.0,8.0,155.0,155.0
The Orlando Retreat.,house,Orlando,4.0,8.0,230.0,230.0
The Alpaca (A Lone Juniper Ranch Cabin),farm_stay,Lebec,2.0,4.0,124.0,124.0
Cozy Cabin on Sunday River ~,cabin,Newry,2.0,4.0,202.0,202.0
*BRAND NEW* Tiny Village Retreat,tiny_home,Greer,2.0,4.0,90.0,90.0
Cliffside Romantic Retreat LOVE,cabin,Pine Ridge,1.0,2.0,321.0,321.0
Modern Cabin Tiny Retreat,tiny_home,Greer,3.0,6.0,90.0,90.0
Peaceful Log Cabin in the Woods,cabin,Groton,2.0,4.0,122.0,122.0
Cozy Creek Cabin-couples retreat nestled in woods,cabin,Ellijay,1.0,2.0,184.0,184.0
Cozy Studio close to Universal,apartment,Orlando,2.0,4.0,88.0,82.0
Beaver Bungalow - Long Range Mountain Views,cabin,Blue Ridge,2.0,4.0,163.0,163.0
"Sea Squirrel, Beach views in Crystal Beach",condo,Destin,1.0,2.0,246.0,246.0
Out of Bounds: Tiny Cabin amongst acres of trees,tiny_home,Hillsboro,2.0,4.0,170.0,170.0
Newly remodeled! Condo in Center of All The Action,apartment,Orlando,2.0,4.0,88.0,100.0
Canyon Hideout Bungalow,tiny_home,Cortez,1.0,2.0,179.0,179.0
"Peaceful, authentic, rustic log cabin in the woods",other,Wapwallopen,2.0,4.0,132.0,132.0
Idyllic Cottage Retreat,cottage,Crozet,2.0,4.0,188.0,188.0
Cabin Kisa,cabin,Leicester,1.0,2.0,106.0,106.0
Mountain Dream gorgeous view with hot tub,cabin,Robbinsville,2.0,4.0,190.0,190.0
Special Offer Storey Lake 2Bedr 2Bath Free Waterpark BE307,apartment,Kissimmee,4.0,8.0,123.66666666666667,134.0
Cabin Kisa,cabin,Leicester,1.0,2.0,106.0,106.0
Mountain Dream gorgeous view with hot tub,cabin,Robbinsville,2.0,4.0,190.0,190.0
Special Offer Storey Lake 2Bedr 2Bath Free Waterpark BE307,apartment,Kissimmee,4.0,8.0,123.66666666666667,134.0
Creekside Cabin at Shady Grove Farm,cabin,Lancing,2.0,4.0,90.0,90.0
"Vegas Villa-Heated Pool, Indoor Jacuzzi, Billiards",villa,Las Vegas,9.0,18.0,668.0,668.0
Modern Retreat with King Bed-Heated Pool-and Grill,villa,Miramar,6.0,12.0,494.0,494.0
Venice Canals Sanctuary,apartment,Santa Monica,2.0,4.0,374.0,374.0
Sugar Bear Hollow,cabin,Sevierville,3.0,6.0,252.5,219.0
Studio B,guesthouse,Phoenix,2.0,4.0,111.0,111.0
Rock Reign Ranch,tiny_home,Desert Hot Springs,1.0,2.0,132.0,132.0
"Sedona Sunset Jewel, Amazing Views, Pool",guest_suite,Sedona,1.0,2.0,209.0,209.0
10 mins to Disney-Hot tub-Queen Puffy Lux bed,condo,Kissimmee,3.0,6.0,164.0,213.0
Largest 1 Bed 2 bath in Amelia Surf & Racquet Club,apartment,Fernandina Beach,2.0,4.0,306.0,306.0
300 STEPS TO THE BEACH-BEST 1 BEDROOM DEAL IN TOWN,condo,Panama City Beach,2.0,4.0,174.0,169.0
Private room(s) in a Renovated Manhattan Townhouse,room,New York,2.0,4.0,178.0,259.0
Luxurious brickell apartment 38thfloor ocean view,condo,Miami,2.0,4.0,211.5,239.0
"Lakeview Loft-Vintage Chicago, Modern Amenities",loft,Chicago,3.0,6.0,126.0,126.0
"JU Super Duper Tiny House, 15 minutes to Disney",cottage,Kissimmee,3.0,6.0,98.66666666666667,98.0
Excellent suite to enjoy near Disney.,apartment,Orlando,2.0,4.0,88.0,90.0
300 STEPS TO THE BEACH-BEST 1 BEDROOM DEAL IN TOWN,condo,Panama City Beach,2.0,4.0,174.0,169.0
Private room(s) in a Renovated Manhattan Townhouse,room,New York,2.0,4.0,178.0,259.0
Luxurious brickell apartment 38thfloor ocean view,condo,Miami,2.0,4.0,211.5,239.0
"Lakeview Loft-Vintage Chicago, Modern Amenities",loft,Chicago,3.0,6.0,126.0,126.0
"JU Super Duper Tiny House, 15 minutes to Disney",cottage,Kissimmee,4.0,8.0,98.66666666666667,98.0
On Juniper Lake w/Boat Dock Near 30A!,house,DeFuniak Springs,4.0,8.0,113.0,113.0
Ocean Front Resort - King bed,condo,Hilton Head Island,1.0,2.0,184.0,184.0
Cozy riverside/rain forest cabin ~ Bogie Bungalow,cabin,Forks,2.0,4.0,143.0,143.0
Ft Walton cozy condo w/ on-site pool. Near beaches,condo,Fort Walton Beach,3.0,6.0,181.33333333333334,145.0
Private Bay area home !,apartment,Sarasota,3.0,6.0,117.0,117.0
Altitude Adjustment,cabin,Kanab,4.0,8.0,216.5,208.0
Private Room in Elegant French Gothic Home,room,Los Angeles,2.0,4.0,123.5,114.0
Stuart Manor Bed and Breakfast,room,Carlisle,2.0,4.0,223.0,223.0
The Beach Couldn't Be Any Closer!,condo,Pensacola,6.0,12.0,260.0,260.0
Point Richmond Top Floor Studio with Bay views,apartment,Richmond,6.0,12.0,153.0,153.0
Cottage by the Sea,guest_suite,Trinidad,6.0,12.0,138.0,138.0
House by the Mouse: Something for Everyone!,house,Kissimmee,6.0,12.0,189.75,250.0
King Suite/Sky Lounge/Luxurious Experience.,apartment,Houston,2.0,4.0,110.5,108.0
Few days left in May,cabin,Sevierville,1.0,2.0,252.5,286.0
"Cozy Private Mountain Cabin on 1,000 acre property",cabin,Fountain Green,4.0,8.0,186.0,186.0
"Lovely Private Room-Manhattan, 70s-Upper East Side",room,New York,1.0,2.0,178.0,199.0
1 BD PRIVATE HOUSEBOAT/ COTTAGE TARPON,cottage,Islamorada,3.0,6.0,229.0,229.0
Sugar Babe Beach Retreat with Hot Tub!,house,Michigan City,2.0,4.0,160.0,160.0
Modern room in boutique hotel near amusement parks,hotel,Kissimmee,2.0,4.0,64.0,64.0
"Kayaks adventure, Dock, Pool, WiFi Courtyard view.",condo,Mary Esther,2.0,4.0,112.0,112.0
Historic Venice Apt 1/2 blocks to beach+parking,apartment,Los Angeles,2.0,4.0,203.5,222.0
A charmer!Great spot near downtown.,guesthouse,Greensboro,3.0,6.0,81.0,81.0
Beachfront Apartment,apartment,Hallandale Beach,1.0,2.0,170.0,170.0
Beach Front Condo In Casa Del Mar,apartment,Galveston,2.0,4.0,163.5,122.0
The Cooper Cottage | Guesthouse,guesthouse,Carrollton,4.0,8.0,91.0,91.0
Tillie Creek Retreat: a Creekside Oasis,cabin,Wofford Heights,3.0,6.0,145.0,145.0
New* Desert Moon* HeartofPhoenix,house,Phoenix,3.0,6.0,194.5,112.0
Private Mackinaw City Beach Cottage ~ Bridge view,cottage,Mackinaw City,1.0,2.0,355.0,355.0
Room With The Views,guest_suite,Cave Creek,3.0,6.0,127.0,127.0
Venice Getaway,house,Venice,3.0,6.0,159.0,159.0
Reems Creek Mountain Cabin,cabin,Weaverville,2.0,4.0,237.0,237.0
Venice Getaway,house,Venice,3.0,6.0,159.0,159.0
Beachfront~Amazing Views~Walkable to Walmart/Shops,condo,Panama City Beach,4.0,8.0,174.0,184.0
Lovely 1 bed condo with pool/wifi free parking,condo,Miami,2.0,4.0,211.5,149.0
"The Lost Coast Tower, Petrolia",cabin,Petrolia,1.0,2.0,225.0,225.0
THE SMALL ENGLISH MANOR NESTLED AMONGST THE TREES,apartment,New York,2.0,4.0,259.3333333333333,276.0
Private Loft In the Hollywood Hills (by Universal),guesthouse,Los Angeles,1.0,2.0,132.0,132.0
"Location, location, location!",apartment,New York,2.0,4.0,259.3333333333333,260.0
Ravinia Bungalow,guesthouse,Dallas,1.0,2.0,105.0,105.0
Egret ~ Beachfront Cottage (pet-Friendly),house,Holden Beach,2.0,4.0,248.0,248.0
Storybook Beach Cottage Twin Rocks,cottage,Rockaway Beach,4.0,8.0,144.0,144.0
On the Beach; Siesta Key SunBum Studio,condo,Siesta Key,2.0,4.0,268.0,379.0
Laguna Beach Charming Unit- Location/Value,apartment,Laguna Beach,3.0,6.0,266.5,385.0
Windsor At Westside Avenger Newest PS5 Game room,villa,Kissimmee,13.0,26.0,209.0,209.0
Central House w/ Pool & Hot Tub,house,Tucson,2.0,4.0,142.0,142.0
Direct Ocean View from the Balcony,apartment,Fort Lauderdale,2.0,4.0,239.5,219.0
Terlingua Mining Ruin - Lofthouse,house,Terlingua,1.0,2.0,194.0,194.0
Designer Upper East side apartment Two entrances.,apartment,New York,1.0,2.0,259.3333333333333,242.0
Waterfront Sea Cottage,guesthouse,Naples,1.0,2.0,82.0,82.0
Relaxing Bungalow Steps from the Ocean,bungalow,New Smyrna Beach,2.0,4.0,102.0,102.0
Modern Great Villa near Disney & Parks,apartment,Kissimmee,3.0,6.0,123.66666666666667,103.0
Cozy Private Cottage 5 miles from Disney!,cottage,Kissimmee,1.0,2.0,98.66666666666667,100.0
"Private Studio+Bath+Balcony, 15 mins to Manhattan",room,Brooklyn,1.0,2.0,144.0,144.0
Large Master Bedroom w Hollywood sign VIEWS,room,Los Angeles,5.0,10.0,123.5,133.0
Echo Park Retreat with Views,guest_suite,Los Angeles,4.0,8.0,116.0,116.0
Beachfront Oasis,house,Huntington Beach,3.0,6.0,798.0,798.0
The Enchanted Cottage at Easy Manor,guesthouse,Colorado Springs,4.0,8.0,115.0,115.0
☀Sunrise Cabin☀ Balcony Mtn Views┃Grill┃Firepit,cabin,Hartsel,3.0,6.0,113.0,113.0
Cactus House - private home with pool in Phoenix,house,Phoenix,3.0,6.0,194.5,277.0
"Beautiful Beachfront condo! 2 Bdrm, 2 Bath",condo,Fort Walton Beach,1.0,2.0,181.33333333333334,300.0
"""Vacation-Sanctuary / Gateway to Napa """,room,Fairfield,1.0,2.0,114.0,114.0
Elevation Celebration,cabin,Kanab,3.0,6.0,216.5,225.0
Waterfront Studio Apartment with FREE Parking,apartment,North Bay Village,2.0,4.0,160.0,160.0
Betty's Beach Bungalow-Pet Friendly! STR21-1232,house,Dana Point,2.0,4.0,171.0,171.0
"Casual Colorful Venice House near Canals,Beach &Abbot Kinney",house,Los Angeles,2.0,4.0,232.66666666666666,323.0
Beachfront Penthouse studio w/ pool on Miami Beach,condo,Miami Beach,2.0,4.0,271.75,181.0
Geodesic Earth Dome,unique_stay,El Prado,2.0,4.0,91.0,91.0
7-bedroom vacation home near Disney with pool/spa,house,Kissimmee,10.0,20.0,189.75,222.0
Beautiful 4BR Townhouse/Townhome close to Disney,house,Kissimmee,5.0,10.0,189.75,132.0
Waterfront condo on top floor @ Boca Ciega Resort,condo,Saint Petersburg,2.0,4.0,143.0,143.0
Scenic Gulf view! Steps to private beach entry!,house,Destin,3.0,6.0,379.6666666666667,305.0
"Amelia Island, 2 bedroom beach front condo",condo,Fernandina Beach,2.0,4.0,327.0,327.0
"Fishing, Quiet & Wifi - 10 acres - Country Getaway",house,Smithville,2.0,4.0,117.0,117.0
Cozy guest studio with private deck,guesthouse,San Diego,1.0,2.0,101.0,101.0
Fabulous Cottage at the Beach,cottage,San Diego,3.0,6.0,253.0,253.0
Beautiful ocean front condo Panama City Beach,hotel,Panama City Beach,1.0,2.0,143.0,143.0
"A view, a pool, and, private cabana sleeps five",guesthouse,Rolling Hills,4.0,8.0,165.0,165.0
The T and C Club,house,Tampa,6.0,12.0,247.0,247.0
Oceanfront Apartment - Cocoa Beach,condo,Cocoa Beach,2.0,4.0,158.0,176.0
Jr.Suite at Ocean Residences on the Beach,apartment,Fort Lauderdale,1.0,2.0,239.5,260.0
Charming Cottage at the Beach,cottage,San Diego,3.0,6.0,253.0,253.0
"PERFECT VIEW!! Waterfront, Marina, and 2 Pools!",condo,Fort Walton Beach,2.0,4.0,181.33333333333334,99.0
Breath-taking Strip View on 33rd Flr Luxury Resort,condo,Las Vegas,2.0,4.0,121.0,118.0
Downtown Suite -Pool/Wi-Fi/ SkyView!,apartment,Houston,2.0,4.0,110.5,113.0
Cañon Getaway- Cabin inspired home,guest_suite,Colorado Springs,2.0,4.0,112.0,112.0
Fox Farms Little House,house,Waxhaw,2.0,4.0,107.0,107.0
Retro 1BR Apt #3 | Steps from the Water + Parking!,apartment,Miami,2.0,4.0,252.0,106.0
North Capitol Hill Luxury Townhome in Perfect Location,house,Washington,1.0,2.0,135.0,135.0
Sunset Suite @ The Vanderbilt | Boutique~BnB,room,Naples,2.0,4.0,224.0,224.0
#3 Foggy Bottom/Georgetown Apartment,apartment,Washington,1.0,2.0,209.0,209.0
Direct Waterfront.Keyless entry.Dolphin watch.,condo,Tybee Island,2.0,4.0,220.0,220.0
Tropicana Suite-Grand Manor Luxury Mansion Loft,room,Galveston,2.0,4.0,98.0,104.0
Retro Retreat by the Bay,house,Netarts,4.0,8.0,136.0,136.0
Ocean Drive Beach Front Studio,apartment,Miami Beach,3.0,6.0,146.5,153.0
Coastal Cape Home w/Heated Pool-Sleeps 6,house,Cape Coral,1.0,2.0,173.0,125.0
Local Sedona Humble Home,house,Sedona,3.0,6.0,236.0,236.0
"Hollywood paradise studio in house,owned entrance",house,Los Angeles,2.0,4.0,232.66666666666666,103.0
Luxe guest suite-perfect Staycation Pool & Parking,room,Miami,4.0,8.0,114.5,101.0
Casa Del Mar Spectacular Ocean Views!,house,The Sea Ranch,3.0,6.0,434.0,434.0
Cozy Garden Apartment,apartment,Brooklyn,3.0,6.0,117.0,117.0
Classic Cape Cod Cottage,cottage,Eastham,3.0,6.0,143.0,143.0
Modern 3 bds house with pool in Las Vegas,house,Las Vegas,3.0,6.0,313.0,313.0
Gecko House Unit #1,house,Gulfport,1.0,2.0,88.0,88.0
LOVELY OCEAN VIEW 1BD/1.5TH APT HIGH FLOOR|PARKING,apartment,Sunny Isles Beach,2.0,4.0,148.0,148.0
spacious chelsea room,room,New York,3.0,6.0,178.0,106.0
Tropical Garden Studio Cottage (2 miles to beach),guest_suite,Naples,1.0,2.0,119.0,119.0
Cozy Portland Studio Apartment,guesthouse,Portland,2.0,4.0,104.0,104.0
Direct beautiful beach and ocean view,apartment,Pompano Beach,3.0,6.0,173.0,173.0
Beach paradise. Just minutes to restaurants shops.,condo,Hollywood,4.0,8.0,284.0,320.0
Spacious Heated Pool home with pool/pingpong table,house,Palm Coast,2.0,4.0,212.0,212.0
The Strand Oceanview Studio - Dog Friendly!,guesthouse,Rockaway Beach,6.0,12.0,121.0,121.0
Enjoy the most beautiful sunsets by the *pool,house,Lehigh Acres,1.0,2.0,113.0,113.0
Private romantic 1 br in Carmel Woods- love dogs,apartment,Carmel-by-the-Sea,2.0,4.0,149.0,149.0
SUNNY ISLES GORGEOUS Apart 2210!! (+hotel fees),condo,Sunny Isles Beach,3.0,6.0,164.33333333333334,191.0
Point Reyes Unique Creekside Home with Hot Tub,cabin,Point Reyes Station,2.0,4.0,271.0,271.0
Perfect Cottage with Amazing Creek & Harbor Views & Location,cottage,Mount Pleasant,7.0,14.0,321.0,321.0
Eiko Beach House 4BR/3BA Heatd Pool*Hot Tub* Pets,house,Treasure Island,2.0,4.0,722.0,722.0
New: Cozy 1BR Beach Condo on Siesta Key!!!,condo,Siesta Key,5.0,10.0,268.0,157.0
Across the street from Disney/Pool/Free Parking,condo,Anaheim,3.0,6.0,342.0,342.0
BEAUTIFULL CONDO IN THE HEART OF SUNNY ISLES.,condo,Sunny Isles Beach,3.0,6.0,164.33333333333334,151.0
BEAUTIFULL CONDO IN THE HEART OF SUNNY ISLES.,condo,Sunny Isles Beach,3.0,6.0,164.33333333333334,151.0
Spacious Studio - 1 minute walk to the beach!,condo,Pompano Beach,1.0,2.0,115.0,115.0
Authentic Luxury Designed Loft,loft,Brooklyn,3.0,6.0,178.0,178.0
Hollywood Sunset Strip Private Executive Hideaway,house,Los Angeles,2.0,4.0,232.66666666666666,272.0
Location Location Location 1 bdrm 0.5 mi of Strip,condo,Las Vegas,2.0,4.0,121.0,124.0
Trump Tower High Floor Strip View,apartment,Las Vegas,2.0,4.0,181.0,181.0
"Dolphin Bay, Apartment 202",condo,Cocoa Beach,2.0,4.0,158.0,140.0
"Oceanfront, rustic cottage",house,St. Augustine,1.0,2.0,647.0,339.0
Enjoy Sunsets at Fully Equipped 2BR Condo on Beach,condo,Pensacola Beach,3.0,6.0,215.0,215.0
Oceanfront Belmont Shore Coastal Luxe,condo,Long Beach,2.0,4.0,174.0,174.0
Spectacular beach to bay views from this resort.,condo,Treasure Island,1.0,2.0,218.0,218.0
Directly on Longboat Key Beach - Kid Friendly/SRQ1,condo,Longboat Key,2.0,4.0,196.0,196.0
The Garden Suite at the Historic Chateau Bleu,guest_suite,Lake Worth,1.0,2.0,141.0,141.0
Private Room in Orlando/Kissimmee (2Twins) T1,room,Kissimmee,1.0,2.0,102.5,43.0
Casa Alexander,guesthouse,San Antonio,5.0,10.0,73.0,73.0
BEACH FRONT Unit w/ Pool Sandy Toe's # 5,apartment,Englewood,4.0,8.0,233.0,233.0
Across the Street from Beach Getaway/Near Convention Center,room,Long Beach,4.0,8.0,106.0,106.0
